Workbook

Sheet 안내
A1: Cobbleventure 포켓몬 바이옴·세대 스폰 카탈로그
A4: 전체 포켓몬 | C4: Cobblemon 구현 | E4: COBBLEVERSE 자연스폰 | G4: 자연스폰 없음
A5: =COUNTA('포켓몬_요약'!A5:A1029) | C5: =COUNTIF('포켓몬_요약'!I5:I1029,"예") | E5: =COUNTIF('포켓몬_요약'!K5:K1029,"예") | G5: =COUNTIF('포켓몬_요약'!T5:T1029,"없음")
A8: 사용 순서
A9: 1 | B9: ‘포켓몬_요약’에서 1,025종의 기본 세대, 구현 여부와 자연 스폰 유무를 확인합니다.
A10: 2 | B10: ‘바이옴_요약’과 ‘바이옴_태그’에서 실제 조건 태그와 현재 지역 바이옴의 연결을 확인합니다.
A11: 3 | B11: ‘스폰_편집’의 노란색 열에서 적용 여부, 허용 세대 월드, 지역, 바이옴, 가중치와 레벨을 수정합니다.
A12: 4 | B12: ‘지역_바이옴’에서 1세대 지역 3~8의 바이옴 풀과 스폰 프로필을 확정합니다.
A13: 5 | B13: 반영 시 관리키·원본파일·스폰ID로 원본 엔트리를 찾아 덮어쓰기 JSON을 생성합니다.
A15: 중요한 해석 기준
A16: • Cobblemon 1.7.3은 1,025종의 종 JSON을 포함하지만 implemented=true는 851종입니다.
A17: • COBBLEVERSE DP v31은 1,017종에 자연 스폰 파일을 제공합니다. 타입:널, 실버디, 멜메탈, 가라르 화석 4종, 타부자고는 자연 스폰 파일이 없습니다.
A18: • 세대 중심 혼합 정책의 타 세대 혼합 비율은 기존 문서에서도 미결정이므로, 현재 엑셀의 기본 허용 월드는 중심 세대 1개로 시작합니다.
A19: • COBBLEVERSE는 All Rights Reserved입니다. 이 워크북은 내부 분석·편집 참고용이며 원본 팩·자산을 재배포하지 않습니다.

Sheet 스폰_편집
A1: Cobblemon · COBBLEVERSE 바이옴별 스폰 편집표
A2: 노란색 열만 수정합니다. 빈 바이옴·레벨 덮어쓰기는 원본 유지, 가중치 배율 1은 원본 유지입니다. 지역 후보는 현재 region_01~02의 바이옴 태그를 부분 해석한 참고값입니다.
A4: 관리키 | B4: 적용여부_편집 | C4: 변경상태 | D4: 덱스번호 | E4: 한글명 | F4: 영문ID | G4: 포켓몬선택자 | H4: 폼·속성 | I4: 기본세대 | J4: 폼도입세대 | K4: 중심세대 | L4: 권장차원 | M4: 허용세대월드_편집 | N4: 지역후보_추정 | O4: 지역배정_편집 | P4: 원본바이옴 | Q4: 바이옴_편집 | R4: 적용바이옴 | S4: 제외바이옴 | T4: 희귀도 | U4: 원본가중치 | V4: 가중치배율_편집 | W4: 적용가중치 | X4: 원본레벨 | Y4: 레벨_편집 | Z4: 적용레벨 | AA4: 위치유형 | AB4: 시간 | AC4: 날씨 | AD4: Y범위 | AE4: 광량 | AF4: 하늘노출 | AG4: 구조물 | AH4: 필요블록 | AI4: 기타조건 | AJ4: 원본상태 | AK4: 원본활성 | AL4: 출처 | AM4: 원본파일 | AN4: 스폰ID | AO4: 스폰타입 | AP4: 프리셋 | AQ4: 조건JSON | AR4: 제외조건JSON | AS4: 가중치보정JSON | AT4: 메모_편집
A5: 0000_pidgey_herd.json::pidgey-herd-test::001 | B5: 제외 | C5: =IF(OR(B5<>AK5,M5<>L5,O5<>"",Q5<>"",V5<>1,Y5<>"",AT5<>""),"수정","원본") | E5: pidgey; | F5: pidgey; | G5: pidgey; pidgeotto; pidgeotto; pidgeot | H5: pidgeotto; pidgeotto; pidgeot | N5: region_01; region_02 | P5: #cobblemon:is_overworld | R5: =IF(Q5="",P5,Q5) | T5: common | U5: 100 | V5: 1 | W5: =IF(OR(U5="",V5=""),U5,U5*V5) | X5: 10-40 | Z5: =IF(Y5="",X5,Y5) | AA5: grounded | AI5: {"spawn":{"herdablePokemon":[{"levelRange":"10-40","levelRangeOffset":"-3-3","pokemon":"pidgey","weight":1},{"isLeader":true,"levelRange":"21-30","levelRangeOffset":"4-7","maxTimes":1,"pokemon":"pidgeotto","weight":1},{"isLeader":false,"levelRange":"31-40","levelRangeOffset":"-3-3","pokemon":"pidgeotto","weight":5},{"isLeader":true,"levelRange":"31-40","levelRangeOffset":"4-7","maxTimes":1,"pokemon":"pidgeot","weight":1}],"maxHerdSize":5,"minDistanceBetweenSpawns":1.5}} | AJ5: Cobblemon 전용 | AK5: 제외 | AL5: Cobblemon 1.7.3 | AM5: data/cobblemon/spawn_pool_world/0000_pidgey_herd.json | AN5: pidgey-herd-test | AO5: pokemon-herd | AP5: natural | AQ5: {"biomes":["#cobblemon:is_overworld"]}
A6: 0001_bulbasaur.json::bulbasaur-1::001 | B6: 사용 | C6: =IF(OR(B6<>AK6,M6<>L6,O6<>"",Q6<>"",V6<>1,Y6<>"",AT6<>""),"수정","원본") | D6: 1 | E6: 이상해씨 | F6: bulbasaur | G6: bulbasaur | I6: 1 | K6: 1 | L6: cobbleventure:generation_1 | M6: cobbleventure:generation_1 | P6: #cobblemon:is_jungle; #cobblemon:is_tropical_island | R6: =IF(Q6="",P6,Q6) | T6: ultra-rare | U6: 6 | V6: 1 | W6: =IF(OR(U6="",V6=""),U6,U6*V6) | X6: 5-32 | Z6: =IF(Y6="",X6,Y6) | AA6: grounded | AE6: sky 8-15 | AJ6: Cobblemon 동일 | AK6: 사용 | AL6: COBBLEVERSE 1.7.42 / DP v31 | AM6: data/cobblemon/spawn_pool_world/0001_bulbasaur.json | AN6: bulbasaur-1 | AO6: pokemon | AP6: natural | AQ6: {"biomes":["#cobblemon:is_jungle","#cobblemon:is_tropical_island"],"maxSkyLight":15,"minSkyLight":8}
A7: 0002_ivysaur.json::ivysaur-1::001 | B7: 사용 | C7: =IF(OR(B7<>AK7,M7<>L7,O7<>"",Q7<>"",V7<>1,Y7<>"",AT7<>""),"수정","원본") | D7: 2 | E7: 이상해풀 | F7: ivysaur | G7: ivysaur | I7: 1 | K7: 1 | L7: cobbleventure:generation_1 | M7: cobbleventure:generation_1 | P7: #cobblemon:is_jungle; #cobblemon:is_tropical_island | R7: =IF(Q7="",P7,Q7) | T7: ultra-rare | U7: 3.6 | V7: 1 | W7: =IF(OR(U7="",V7=""),U7,U7*V7) | X7: 16-40 | Z7: =IF(Y7="",X7,Y7) | AA7: grounded | AE7: sky 8-15 | AJ7: Cobblemon 동일 | AK7: 사용 | AL7: COBBLEVERSE 1.7.42 / DP v31 | AM7: data/cobblemon/spawn_pool_world/0002_ivysaur.json | AN7: ivysaur-1 | AO7: pokemon | AP7: natural | AQ7: {"biomes":["#cobblemon:is_jungle","#cobblemon:is_tropical_island"],"maxSkyLight":15,"minSkyLight":8}
A8: 0003_venusaur.json::venusaur-1::001 | B8: 사용 | C8: =IF(OR(B8<>AK8,M8<>L8,O8<>"",Q8<>"",V8<>1,Y8<>"",AT8<>""),"수정","원본") | D8: 3 | E8: 이상해꽃 | F8: venusaur | G8: venusaur | I8: 1 | K8: 1 | L8: cobbleventure:generation_1 | M8: cobbleventure:generation_1 | P8: #cobblemon:is_jungle; #cobblemon:is_tropical_island | R8: =IF(Q8="",P8,Q8) | T8: ultra-rare | U8: 0.4 | V8: 1 | W8: =IF(OR(U8="",V8=""),U8,U8*V8) | X8: 32-52 | Z8: =IF(Y8="",X8,Y8) | AA8: grounded | AE8: sky 8-15 | AJ8: Cobblemon 동일 | AK8: 사용 | AL8: COBBLEVERSE 1.7.42 / DP v31 | AM8: data/cobblemon/spawn_pool_world/0003_venusaur.json | AN8: venusaur-1 | AO8: pokemon | AP8: natural | AQ8: {"biomes":["#cobblemon:is_jungle","#cobblemon:is_tropical_island"],"maxSkyLight":15,"minSkyLight":8}
A9: 0004_charmander.json::charmander-1::001 | B9: 사용 | C9: =IF(OR(B9<>AK9,M9<>L9,O9<>"",Q9<>"",V9<>1,Y9<>"",AT9<>""),"수정","원본") | D9: 4 | E9: 파이리 | F9: charmander | G9: charmander | I9: 1 | K9: 1 | L9: cobbleventure:generation_1 | M9: cobbleventure:generation_1 | P9: #cobblemon:is_hills; #cobblemon:is_volcanic | R9: =IF(Q9="",P9,Q9) | T9: ultra-rare | U9: 6 | V9: 1 | W9: =IF(OR(U9="",V9=""),U9,U9*V9) | X9: 5-31 | Z9: =IF(Y9="",X9,Y9) | AA9: grounded | AC9: 비=False | AE9: sky 8-15 | AJ9: Cobblemon 동일 | AK9: 사용 | AL9: COBBLEVERSE 1.7.42 / DP v31 | AM9: data/cobblemon/spawn_pool_world/0004_charmander.json | AN9: charmander-1 | AO9: pokemon | AP9: natural | AQ9: {"biomes":["#cobblemon:is_hills","#cobblemon:is_volcanic"],"isRaining":false,"maxSkyLight":15,"minSkyLight":8}
A10: 0004_charmander.json::charmander-2::002 | B10: 사용 | C10: =IF(OR(B10<>AK10,M10<>L10,O10<>"",Q10<>"",V10<>1,Y10<>"",AT10<>""),"수정","원본") | D10: 4 | E10: 파이리 | F10: charmander | G10: charmander | I10: 1 | K10: 1 | L10: cobbleventure:generation_1 | M10: cobbleventure:generation_1 | P10: #cobblemon:nether/is_basalt | R10: =IF(Q10="",P10,Q10) | T10: ultra-rare | U10: 6 | V10: 1 | W10: =IF(OR(U10="",V10=""),U10,U10*V10) | X10: 5-31 | Z10: =IF(Y10="",X10,Y10) | AA10: grounded | AJ10: Cobblemon 동일 | AK10: 사용 | AL10: COBBLEVERSE 1.7.42 / DP v31 | AM10: data/cobblemon/spawn_pool_world/0004_charmander.json | AN10: charmander-2 | AO10: pokemon | AP10: natural | AQ10: {"biomes":["#cobblemon:nether/is_basalt"]}
A11: 0005_charmeleon.json::charmeleon-1::001 | B11: 사용 | C11: =IF(OR(B11<>AK11,M11<>L11,O11<>"",Q11<>"",V11<>1,Y11<>"",AT11<>""),"수정","원본") | D11: 5 | E11: 리자드 | F11: charmeleon | G11: charmeleon | I11: 1 | K11: 1 | L11: cobbleventure:generation_1 | M11: cobbleventure:generation_1 | P11: #cobblemon:is_hills; #cobblemon:is_volcanic | R11: =IF(Q11="",P11,Q11) | T11: ultra-rare | U11: 3.6 | V11: 1 | W11: =IF(OR(U11="",V11=""),U11,U11*V11) | X11: 16-40 | Z11: =IF(Y11="",X11,Y11) | AA11: grounded | AC11: 비=False | AE11: sky 8-15 | AJ11: Cobblemon 동일 | AK11: 사용 | AL11: COBBLEVERSE 1.7.42 / DP v31 | AM11: data/cobblemon/spawn_pool_world/0005_charmeleon.json | AN11: charmeleon-1 | AO11: pokemon | AP11: natural | AQ11: {"biomes":["#cobblemon:is_hills","#cobblemon:is_volcanic"],"isRaining":false,"maxSkyLight":15,"minSkyLight":8}
A12: 0005_charmeleon.json::charmeleon-2::002 | B12: 사용 | C12: =IF(OR(B12<>AK12,M12<>L12,O12<>"",Q12<>"",V12<>1,Y12<>"",AT12<>""),"수정","원본") | D12: 5 | E12: 리자드 | F12: charmeleon | G12: charmeleon | I12: 1 | K12: 1 | L12: cobbleventure:generation_1 | M12: cobbleventure:generation_1 | P12: #cobblemon:nether/is_basalt | R12: =IF(Q12="",P12,Q12) | T12: ultra-rare | U12: 3.6 | V12: 1 | W12: =IF(OR(U12="",V12=""),U12,U12*V12) | X12: 16-40 | Z12: =IF(Y12="",X12,Y12) | AA12: grounded | AJ12: Cobblemon 동일 | AK12: 사용 | AL12: COBBLEVERSE 1.7.42 / DP v31 | AM12: data/cobblemon/spawn_pool_world/0005_charmeleon.json | AN12: charmeleon-2 | AO12: pokemon | AP12: natural | AQ12: {"biomes":["#cobblemon:nether/is_basalt"]}
A13: 0006_charizard.json::charizard-1::001 | B13: 사용 | C13: =IF(OR(B13<>AK13,M13<>L13,O13<>"",Q13<>"",V13<>1,Y13<>"",AT13<>""),"수정","원본") | D13: 6 | E13: 리자몽 | F13: charizard | G13: charizard | I13: 1 | K13: 1 | L13: cobbleventure:generation_1 | M13: cobbleventure:generation_1 | P13: #cobblemon:is_hills; #cobblemon:is_volcanic | R13: =IF(Q13="",P13,Q13) | T13: ultra-rare | U13: 0.4 | V13: 1 | W13: =IF(OR(U13="",V13=""),U13,U13*V13) | X13: 36-53 | Z13: =IF(Y13="",X13,Y13) | AA13: grounded | AC13: 비=False | AE13: sky 8-15 | AJ13: Cobblemon 동일 | AK13: 사용 | AL13: COBBLEVERSE 1.7.42 / DP v31 | AM13: data/cobblemon/spawn_pool_world/0006_charizard.json | AN13: charizard-1 | AO13: pokemon | AP13: natural | AQ13: {"biomes":["#cobblemon:is_hills","#cobblemon:is_volcanic"],"isRaining":false,"maxSkyLight":15,"minSkyLight":8}
A14: 0006_charizard.json::charizard-2::002 | B14: 사용 | C14: =IF(OR(B14<>AK14,M14<>L14,O14<>"",Q14<>"",V14<>1,Y14<>"",AT14<>""),"수정","원본") | D14: 6 | E14: 리자몽 | F14: charizard | G14: charizard | I14: 1 | K14: 1 | L14: cobbleventure:generation_1 | M14: cobbleventure:generation_1 | P14: #cobblemon:nether/is_basalt | R14: =IF(Q14="",P14,Q14) | T14: ultra-rare | U14: 0.4 | V14: 1 | W14: =IF(OR(U14="",V14=""),U14,U14*V14) | X14: 36-53 | Z14: =IF(Y14="",X14,Y14) | AA14: grounded | AJ14: Cobblemon 동일 | AK14: 사용 | AL14: COBBLEVERSE 1.7.42 / DP v31 | AM14: data/cobblemon/spawn_pool_world/0006_charizard.json | AN14: charizard-2 | AO14: pokemon | AP14: natural | AQ14: {"biomes":["#cobblemon:nether/is_basalt"]}
A15: 0007_squirtle.json::squirtle-1::001 | B15: 사용 | C15: =IF(OR(B15<>AK15,M15<>L15,O15<>"",Q15<>"",V15<>1,Y15<>"",AT15<>""),"수정","원본") | D15: 7 | E15: 꼬부기 | F15: squirtle | G15: squirtle | I15: 1 | K15: 1 | L15: cobbleventure:generation_1 | M15: cobbleventure:generation_1 | N15: region_01; region_02 | P15: #cobblemon:is_freshwater; #cobblemon:is_hills; #cobblemon:is_jungle; #cobblemon:is_temperate; #cobblemon:is_tropical_island | R15: =IF(Q15="",P15,Q15) | S15: #cobblemon:is_freezing | T15: ultra-rare | U15: 6 | V15: 1 | W15: =IF(OR(U15="",V15=""),U15,U15*V15) | X15: 5-31 | Z15: =IF(Y15="",X15,Y15) | AA15: grounded | AE15: sky 8-15 | AH15: 주변=minecraft:water | AJ15: Cobblemon 동일 | AK15: 사용 | AL15: COBBLEVERSE 1.7.42 / DP v31 | AM15: data/cobblemon/spawn_pool_world/0007_squirtle.json | AN15: squirtle-1 | AO15: pokemon | AP15: natural | AQ15: {"biomes":["#cobblemon:is_freshwater","#cobblemon:is_hills","#cobblemon:is_jungle","#cobblemon:is_temperate","#cobblemon:is_tropical_island"],"maxSkyLight":15,"minSkyLight":8,"neededNearbyBlocks":["minecraft:water"]} | AR15: {"biomes":["#cobblemon:is_freezing"]}
A16: 0007_squirtle.json::squirtle-2::002 | B16: 사용 | C16: =IF(OR(B16<>AK16,M16<>L16,O16<>"",Q16<>"",V16<>1,Y16<>"",AT16<>""),"수정","원본") | D16: 7 | E16: 꼬부기 | F16: squirtle | G16: squirtle | I16: 1 | K16: 1 | L16: cobbleventure:generation_1 | M16: cobbleventure:generation_1 | N16: region_01; region_02 | P16: #cobblemon:is_freshwater; #cobblemon:is_hills; #cobblemon:is_jungle; #cobblemon:is_temperate; #cobblemon:is_tropical_island | R16: =IF(Q16="",P16,Q16) | S16: #cobblemon:is_freezing | T16: ultra-rare | U16: 6 | V16: 1 | W16: =IF(OR(U16="",V16=""),U16,U16*V16) | X16: 5-31 | Z16: =IF(Y16="",X16,Y16) | AA16: submerged | AF16: True | AJ16: Cobblemon 동일 | AK16: 사용 | AL16: COBBLEVERSE 1.7.42 / DP v31 | AM16: data/cobblemon/spawn_pool_world/0007_squirtle.json | AN16: squirtle-2 | AO16: pokemon | AP16: water | AQ16: {"biomes":["#cobblemon:is_freshwater","#cobblemon:is_hills","#cobblemon:is_jungle","#cobblemon:is_temperate","#cobblemon:is_tropical_island"],"canSeeSky":true} | AR16: {"biomes":["#cobblemon:is_freezing"]}
A17: 0007_squirtle.json::squirtle-3::003 | B17: 사용 | C17: =IF(OR(B17<>AK17,M17<>L17,O17<>"",Q17<>"",V17<>1,Y17<>"",AT17<>""),"수정","원본") | D17: 7 | E17: 꼬부기 | F17: squirtle | G17: squirtle | I17: 1 | K17: 1 | L17: cobbleventure:generation_1 | M17: cobbleventure:generation_1 | N17: region_01; region_02 | P17: #cobblemon:is_freshwater; #cobblemon:is_hills; #cobblemon:is_jungle; #cobblemon:is_temperate; #cobblemon:is_tropical_island | R17: =IF(Q17="",P17,Q17) | S17: #cobblemon:is_freezing | T17: ultra-rare | U17: 6 | V17: 1 | W17: =IF(OR(U17="",V17=""),U17,U17*V17) | X17: 5-31 | Z17: =IF(Y17="",X17,Y17) | AA17: fishing | AF17: True | AJ17: Cobblemon 동일 | AK17: 사용 | AL17: COBBLEVERSE 1.7.42 / DP v31 | AM17: data/cobblemon/spawn_pool_world/0007_squirtle.json | AN17: squirtle-3 | AO17: pokemon | AQ17: {"biomes":["#cobblemon:is_freshwater","#cobblemon:is_hills","#cobblemon:is_jungle","#cobblemon:is_temperate","#cobblemon:is_tropical_island"],"canSeeSky":true} | AR17: {"biomes":["#cobblemon:is_freezing"]}
A18: 0007_squirtle.json::squirtle-4::004 | B18: 사용 | C18: =IF(OR(B18<>AK18,M18<>L18,O18<>"",Q18<>"",V18<>1,Y18<>"",AT18<>""),"수정","원본") | D18: 7 | E18: 꼬부기 | F18: squirtle | G18: squirtle | I18: 1 | K18: 1 | L18: cobbleventure:generation_1 | M18: cobbleventure:generation_1 | N18: region_01; region_02 | P18: #cobblemon:is_freshwater; #cobblemon:is_hills; #cobblemon:is_jungle; #cobblemon:is_temperate; #cobblemon:is_tropical_island | R18: =IF(Q18="",P18,Q18) | S18: #cobblemon:is_freezing | T18: ultra-rare | U18: 6 | V18: 1 | W18: =IF(OR(U18="",V18=""),U18,U18*V18) | X18: 5-31 | Z18: =IF(Y18="",X18,Y18) | AA18: submerged | AE18: sky 8-15 | AF18: False | AJ18: Cobblemon 동일 | AK18: 사용 | AL18: COBBLEVERSE 1.7.42 / DP v31 | AM18: data/cobblemon/spawn_pool_world/0007_squirtle.json | AN18: squirtle-4 | AO18: pokemon | AP18: water | AQ18: {"biomes":["#cobblemon:is_freshwater","#cobblemon:is_hills","#cobblemon:is_jungle","#cobblemon:is_temperate","#cobblemon:is_tropical_island"],"canSeeSky":false,"maxSkyLight":15,"minSkyLight":8} | AR18: {"biomes":["#cobblemon:is_freezing"]}
A19: 0007_squirtle.json::squirtle-5::005 | B19: 사용 | C19: =IF(OR(B19<>AK19,M19<>L19,O19<>"",Q19<>"",V19<>1,Y19<>"",AT19<>""),"수정","원본") | D19: 7 | E19: 꼬부기 | F19: squirtle | G19: squirtle | I19: 1 | K19: 1 | L19: cobbleventure:generation_1 | M19: cobbleventure:generation_1 | N19: region_01; region_02 | P19: #cobblemon:is_freshwater; #cobblemon:is_hills; #cobblemon:is_jungle; #cobblemon:is_temperate; #cobblemon:is_tropical_island | R19: =IF(Q19="",P19,Q19) | S19: #cobblemon:is_freezing | T19: ultra-rare | U19: 6 | V19: 1 | W19: =IF(OR(U19="",V19=""),U19,U19*V19) | X19: 5-31 | Z19: =IF(Y19="",X19,Y19) | AA19: fishing | AE19: sky 8-15 | AF19: False | AJ19: Cobblemon 동일 | AK19: 사용 | AL19: COBBLEVERSE 1.7.42 / DP v31 | AM19: data/cobblemon/spawn_pool_world/0007_squirtle.json | AN19: squirtle-5 | AO19: pokemon | AQ19: {"biomes":["#cobblemon:is_freshwater","#cobblemon:is_hills","#cobblemon:is_jungle","#cobblemon:is_temperate","#cobblemon:is_tropical_island"],"canSeeSky":false,"maxSkyLight":15,"minSkyLight":8} | AR19: {"biomes":["#cobblemon:is_freezing"]}
A20: 0008_wartortle.json::wartortle-1::001 | B20: 사용 | C20: =IF(OR(B20<>AK20,M20<>L20,O20<>"",Q20<>"",V20<>1,Y20<>"",AT20<>""),"수정","원본") | D20: 8 | E20: 어니부기 | F20: wartortle | G20: wartortle | I20: 1 | K20: 1 | L20: cobbleventure:generation_1 | M20: cobbleventure:generation_1 | N20: region_01; region_02 | P20: #cobblemon:is_freshwater; #cobblemon:is_hills; #cobblemon:is_jungle; #cobblemon:is_temperate; #cobblemon:is_tropical_island | R20: =IF(Q20="",P20,Q20) | S20: #cobblemon:is_freezing | T20: ultra-rare | U20: 3.6 | V20: 1 | W20: =IF(OR(U20="",V20=""),U20,U20*V20) | X20: 16-40 | Z20: =IF(Y20="",X20,Y20) | AA20: grounded | AE20: sky 8-15 | AH20: 주변=minecraft:water | AJ20: Cobblemon 동일 | AK20: 사용 | AL20: COBBLEVERSE 1.7.42 / DP v31 | AM20: data/cobblemon/spawn_pool_world/0008_wartortle.json | AN20: wartortle-1 | AO20: pokemon | AP20: natural | AQ20: {"biomes":["#cobblemon:is_freshwater","#cobblemon:is_hills","#cobblemon:is_jungle","#cobblemon:is_temperate","#cobblemon:is_tropical_island"],"maxSkyLight":15,"minSkyLight":8,"neededNearbyBlocks":["minecraft:water"]} | AR20: {"biomes":["#cobblemon:is_freezing"]}
A21: 0008_wartortle.json::wartortle-2::002 | B21: 사용 | C21: =IF(OR(B21<>AK21,M21<>L21,O21<>"",Q21<>"",V21<>1,Y21<>"",AT21<>""),"수정","원본") | D21: 8 | E21: 어니부기 | F21: wartortle | G21: wartortle | I21: 1 | K21: 1 | L21: cobbleventure:generation_1 | M21: cobbleventure:generation_1 | N21: region_01; region_02 | P21: #cobblemon:is_freshwater; #cobblemon:is_hills; #cobblemon:is_jungle; #cobblemon:is_temperate; #cobblemon:is_tropical_island | R21: =IF(Q21="",P21,Q21) | S21: #cobblemon:is_freezing | T21: ultra-rare | U21: 3.6 | V21: 1 | W21: =IF(OR(U21="",V21=""),U21,U21*V21) | X21: 16-40 | Z21: =IF(Y21="",X21,Y21) | AA21: submerged | AF21: True | AJ21: Cobblemon 동일 | AK21: 사용 | AL21: COBBLEVERSE 1.7.42 / DP v31 | AM21: data/cobblemon/spawn_pool_world/0008_wartortle.json | AN21: wartortle-2 | AO21: pokemon | AP21: water | AQ21: {"biomes":["#cobblemon:is_freshwater","#cobblemon:is_hills","#cobblemon:is_jungle","#cobblemon:is_temperate","#cobblemon:is_tropical_island"],"canSeeSky":true} | AR21: {"biomes":["#cobblemon:is_freezing"]}
A22: 0008_wartortle.json::wartortle-3::003 | B22: 사용 | C22: =IF(OR(B22<>AK22,M22<>L22,O22<>"",Q22<>"",V22<>1,Y22<>"",AT22<>""),"수정","원본") | D22: 8 | E22: 어니부기 | F22: wartortle | G22: wartortle | I22: 1 | K22: 1 | L22: cobbleventure:generation_1 | M22: cobbleventure:generation_1 | N22: region_01; region_02 | P22: #cobblemon:is_freshwater; #cobblemon:is_hills; #cobblemon:is_jungle; #cobblemon:is_temperate; #cobblemon:is_tropical_island | R22: =IF(Q22="",P22,Q22) | S22: #cobblemon:is_freezing | T22: ultra-rare | U22: 3.6 | V22: 1 | W22: =IF(OR(U22="",V22=""),U22,U22*V22) | X22: 16-40 | Z22: =IF(Y22="",X22,Y22) | AA22: fishing | AF22: True | AJ22: Cobblemon 동일 | AK22: 사용 | AL22: COBBLEVERSE 1.7.42 / DP v31 | AM22: data/cobblemon/spawn_pool_world/0008_wartortle.json | AN22: wartortle-3 | AO22: pokemon | AQ22: {"biomes":["#cobblemon:is_freshwater","#cobblemon:is_hills","#cobblemon:is_jungle","#cobblemon:is_temperate","#cobblemon:is_tropical_island"],"canSeeSky":true} | AR22: {"biomes":["#cobblemon:is_freezing"]}
A23: 0008_wartortle.json::wartortle-4::004 | B23: 사용 | C23: =IF(OR(B23<>AK23,M23<>L23,O23<>"",Q23<>"",V23<>1,Y23<>"",AT23<>""),"수정","원본") | D23: 8 | E23: 어니부기 | F23: wartortle | G23: wartortle | I23: 1 | K23: 1 | L23: cobbleventure:generation_1 | M23: cobbleventure:generation_1 | N23: region_01; region_02 | P23: #cobblemon:is_freshwater; #cobblemon:is_hills; #cobblemon:is_jungle; #cobblemon:is_temperate; #cobblemon:is_tropical_island | R23: =IF(Q23="",P23,Q23) | S23: #cobblemon:is_freezing | T23: ultra-rare | U23: 3.6 | V23: 1 | W23: =IF(OR(U23="",V23=""),U23,U23*V23) | X23: 16-40 | Z23: =IF(Y23="",X23,Y23) | AA23: submerged | AE23: sky 8-15 | AF23: False | AJ23: Cobblemon 동일 | AK23: 사용 | AL23: COBBLEVERSE 1.7.42 / DP v31 | AM23: data/cobblemon/spawn_pool_world/0008_wartortle.json | AN23: wartortle-4 | AO23: pokemon | AP23: water | AQ23: {"biomes":["#cobblemon:is_freshwater","#cobblemon:is_hills","#cobblemon:is_jungle","#cobblemon:is_temperate","#cobblemon:is_tropical_island"],"canSeeSky":false,"maxSkyLight":15,"minSkyLight":8} | AR23: {"biomes":["#cobblemon:is_freezing"]}
A24: 0008_wartortle.json::wartortle-5::005 | B24: 사용 | C24: =IF(OR(B24<>AK24,M24<>L24,O24<>"",Q24<>"",V24<>1,Y24<>"",AT24<>""),"수정","원본") | D24: 8 | E24: 어니부기 | F24: wartortle | G24: wartortle | I24: 1 | K24: 1 | L24: cobbleventure:generation_1 | M24: cobbleventure:generation_1 | N24: region_01; region_02 | P24: #cobblemon:is_freshwater; #cobblemon:is_hills; #cobblemon:is_jungle; #cobblemon:is_temperate; #cobblemon:is_tropical_island | R24: =IF(Q24="",P24,Q24) | S24: #cobblemon:is_freezing | T24: ultra-rare | U24: 3.6 | V24: 1 | W24: =IF(OR(U24="",V24=""),U24,U24*V24) | X24: 16-40 | Z24: =IF(Y24="",X24,Y24) | AA24: fishing | AE24: sky 8-15 | AF24: False | AJ24: Cobblemon 동일 | AK24: 사용 | AL24: COBBLEVERSE 1.7.42 / DP v31 | AM24: data/cobblemon/spawn_pool_world/0008_wartortle.json | AN24: wartortle-5 | AO24: pokemon | AQ24: {"biomes":["#cobblemon:is_freshwater","#cobblemon:is_hills","#cobblemon:is_jungle","#cobblemon:is_temperate","#cobblemon:is_tropical_island"],"canSeeSky":false,"maxSkyLight":15,"minSkyLight":8} | AR24: {"biomes":["#cobblemon:is_freezing"]}
A25: 0009_blastoise.json::blastoise-1::001 | B25: 사용 | C25: =IF(OR(B25<>AK25,M25<>L25,O25<>"",Q25<>"",V25<>1,Y25<>"",AT25<>""),"수정","원본") | D25: 9 | E25: 거북왕 | F25: blastoise | G25: blastoise | I25: 1 | K25: 1 | L25: cobbleventure:generation_1 | M25: cobbleventure:generation_1 | N25: region_01; region_02 | P25: #cobblemon:is_freshwater; #cobblemon:is_hills; #cobblemon:is_jungle; #cobblemon:is_temperate; #cobblemon:is_tropical_island | R25: =IF(Q25="",P25,Q25) | S25: #cobblemon:is_freezing | T25: ultra-rare | U25: 0.4 | V25: 1 | W25: =IF(OR(U25="",V25=""),U25,U25*V25) | X25: 36-53 | Z25: =IF(Y25="",X25,Y25) | AA25: grounded | AE25: sky 8-15 | AH25: 주변=minecraft:water | AJ25: Cobblemon 동일 | AK25: 사용 | AL25: COBBLEVERSE 1.7.42 / DP v31 | AM25: data/cobblemon/spawn_pool_world/0009_blastoise.json | AN25: blastoise-1 | AO25: pokemon | AP25: natural | AQ25: {"biomes":["#cobblemon:is_freshwater","#cobblemon:is_hills","#cobblemon:is_jungle","#cobblemon:is_temperate","#cobblemon:is_tropical_island"],"maxSkyLight":15,"minSkyLight":8,"neededNearbyBlocks":["minecraft:water"]} | AR25: {"biomes":["#cobblemon:is_freezing"]}
A26: 0009_blastoise.json::blastoise-2::002 | B26: 사용 | C26: =IF(OR(B26<>AK26,M26<>L26,O26<>"",Q26<>"",V26<>1,Y26<>"",AT26<>""),"수정","원본") | D26: 9 | E26: 거북왕 | F26: blastoise | G26: blastoise | I26: 1 | K26: 1 | L26: cobbleventure:generation_1 | M26: cobbleventure:generation_1 | N26: region_01; region_02 | P26: #cobblemon:is_freshwater; #cobblemon:is_hills; #cobblemon:is_jungle; #cobblemon:is_temperate; #cobblemon:is_tropical_island | R26: =IF(Q26="",P26,Q26) | S26: #cobblemon:is_freezing | T26: ultra-rare | U26: 0.4 | V26: 1 | W26: =IF(OR(U26="",V26=""),U26,U26*V26) | X26: 36-53 | Z26: =IF(Y26="",X26,Y26) | AA26: submerged | AF26: True | AJ26: Cobblemon 동일 | AK26: 사용 | AL26: COBBLEVERSE 1.7.42 / DP v31 | AM26: data/cobblemon/spawn_pool_world/0009_blastoise.json | AN26: blastoise-2 | AO26: pokemon | AP26: water | AQ26: {"biomes":["#cobblemon:is_freshwater","#cobblemon:is_hills","#cobblemon:is_jungle","#cobblemon:is_temperate","#cobblemon:is_tropical_island"],"canSeeSky":true} | AR26: {"biomes":["#cobblemon:is_freezing"]}
A27: 0009_blastoise.json::blastoise-3::003 | B27: 사용 | C27: =IF(OR(B27<>AK27,M27<>L27,O27<>"",Q27<>"",V27<>1,Y27<>"",AT27<>""),"수정","원본") | D27: 9 | E27: 거북왕 | F27: blastoise | G27: blastoise | I27: 1 | K27: 1 | L27: cobbleventure:generation_1 | M27: cobbleventure:generation_1 | N27: region_01; region_02 | P27: #cobblemon:is_freshwater; #cobblemon:is_hills; #cobblemon:is_jungle; #cobblemon:is_temperate; #cobblemon:is_tropical_island | R27: =IF(Q27="",P27,Q27) | S27: #cobblemon:is_freezing | T27: ultra-rare | U27: 0.4 | V27: 1 | W27: =IF(OR(U27="",V27=""),U27,U27*V27) | X27: 36-53 | Z27: =IF(Y27="",X27,Y27) | AA27: fishing | AF27: True | AJ27: Cobblemon 동일 | AK27: 사용 | AL27: COBBLEVERSE 1.7.42 / DP v31 | AM27: data/cobblemon/spawn_pool_world/0009_blastoise.json | AN27: blastoise-3 | AO27: pokemon | AQ27: {"biomes":["#cobblemon:is_freshwater","#cobblemon:is_hills","#cobblemon:is_jungle","#cobblemon:is_temperate","#cobblemon:is_tropical_island"],"canSeeSky":true} | AR27: {"biomes":["#cobblemon:is_freezing"]}
A28: 0009_blastoise.json::blastoise-4::004 | B28: 사용 | C28: =IF(OR(B28<>AK28,M28<>L28,O28<>"",Q28<>"",V28<>1,Y28<>"",AT28<>""),"수정","원본") | D28: 9 | E28: 거북왕 | F28: blastoise | G28: blastoise | I28: 1 | K28: 1 | L28: cobbleventure:generation_1 | M28: cobbleventure:generation_1 | N28: region_01; region_02 | P28: #cobblemon:is_freshwater; #cobblemon:is_hills; #cobblemon:is_jungle; #cobblemon:is_temperate; #cobblemon:is_tropical_island | R28: =IF(Q28="",P28,Q28) | S28: #cobblemon:is_freezing | T28: ultra-rare | U28: 0.4 | V28: 1 | W28: =IF(OR(U28="",V28=""),U28,U28*V28) | X28: 36-53 | Z28: =IF(Y28="",X28,Y28) | AA28: submerged | AE28: sky 8-15 | AF28: False | AJ28: Cobblemon 동일 | AK28: 사용 | AL28: COBBLEVERSE 1.7.42 / DP v31 | AM28: data/cobblemon/spawn_pool_world/0009_blastoise.json | AN28: blastoise-4 | AO28: pokemon | AP28: water | AQ28: {"biomes":["#cobblemon:is_freshwater","#cobblemon:is_hills","#cobblemon:is_jungle","#cobblemon:is_temperate","#cobblemon:is_tropical_island"],"canSeeSky":false,"maxSkyLight":15,"minSkyLight":8} | AR28: {"biomes":["#cobblemon:is_freezing"]}
A29: 0009_blastoise.json::blastoise-5::005 | B29: 사용 | C29: =IF(OR(B29<>AK29,M29<>L29,O29<>"",Q29<>"",V29<>1,Y29<>"",AT29<>""),"수정","원본") | D29: 9 | E29: 거북왕 | F29: blastoise | G29: blastoise | I29: 1 | K29: 1 | L29: cobbleventure:generation_1 | M29: cobbleventure:generation_1 | N29: region_01; region_02 | P29: #cobblemon:is_freshwater; #cobblemon:is_hills; #cobblemon:is_jungle; #cobblemon:is_temperate; #cobblemon:is_tropical_island | R29: =IF(Q29="",P29,Q29) | S29: #cobblemon:is_freezing | T29: ultra-rare | U29: 0.4 | V29: 1 | W29: =IF(OR(U29="",V29=""),U29,U29*V29) | X29: 36-53 | Z29: =IF(Y29="",X29,Y29) | AA29: fishing | AE29: sky 8-15 | AF29: False | AJ29: Cobblemon 동일 | AK29: 사용 | AL29: COBBLEVERSE 1.7.42 / DP v31 | AM29: data/cobblemon/spawn_pool_world/0009_blastoise.json | AN29: blastoise-5 | AO29: pokemon | AQ29: {"biomes":["#cobblemon:is_freshwater","#cobblemon:is_hills","#cobblemon:is_jungle","#cobblemon:is_temperate","#cobblemon:is_tropical_island"],"canSeeSky":false,"maxSkyLight":15,"minSkyLight":8} | AR29: {"biomes":["#cobblemon:is_freezing"]}
A30: 0010_caterpie.json::caterpie-1::001 | B30: 사용 | C30: =IF(OR(B30<>AK30,M30<>L30,O30<>"",Q30<>"",V30<>1,Y30<>"",AT30<>""),"수정","원본") | D30: 10 | E30: 캐터피 | F30: caterpie | G30: caterpie | I30: 1 | K30: 1 | L30: cobbleventure:generation_1 | M30: cobbleventure:generation_1 | N30: region_01 | P30: #cobblemon:is_forest; #cobblemon:is_plains; aether:skyroot_forest; aether:skyroot_woodland | R30: =IF(Q30="",P30,Q30) | S30: #cobblemon:is_freezing; #cobblemon:is_spooky | T30: common | U30: 7 | V30: 1 | W30: =IF(OR(U30="",V30=""),U30,U30*V30) | X30: 1-20 | Z30: =IF(Y30="",X30,Y30) | AA30: grounded | AE30: sky 8-15 | AJ30: Cobblemon 동일 | AK30: 사용 | AL30: COBBLEVERSE 1.7.42 / DP v31 | AM30: data/cobblemon/spawn_pool_world/0010_caterpie.json | AN30: caterpie-1 | AO30: pokemon | AP30: natural; foliage; treetop | AQ30: {"biomes":["#cobblemon:is_forest","#cobblemon:is_plains","aether:skyroot_forest","aether:skyroot_woodland"],"maxSkyLight":15,"minSkyLight":8} | AR30: {"biomes":["#cobblemon:is_freezing","#cobblemon:is_spooky"]}
A31: 0010_caterpie.json::caterpie-valencian-2::002 | B31: 사용 | C31: =IF(OR(B31<>AK31,M31<>L31,O31<>"",Q31<>"",V31<>1,Y31<>"",AT31<>""),"수정","원본") | D31: 10 | E31: 캐터피 | F31: caterpie | G31: caterpie valencian | H31: valencian | I31: 1 | K31: 1 | L31: cobbleventure:generation_1 | M31: cobbleventure:generation_1 | P31: #cobblemon:is_jungle; #cobblemon:is_tropical_island | R31: =IF(Q31="",P31,Q31) | T31: common | U31: 7 | V31: 1 | W31: =IF(OR(U31="",V31=""),U31,U31*V31) | X31: 1-20 | Z31: =IF(Y31="",X31,Y31) | AA31: grounded | AE31: sky 8-15 | AJ31: Cobblemon 동일 | AK31: 사용 | AL31: COBBLEVERSE 1.7.42 / DP v31 | AM31: data/cobblemon/spawn_pool_world/0010_caterpie.json | AN31: caterpie-valencian-2 | AO31: pokemon | AP31: natural; treetop | AQ31: {"biomes":["#cobblemon:is_jungle","#cobblemon:is_tropical_island"],"maxSkyLight":15,"minSkyLight":8}
A32: 0010_caterpie.json::caterpie-valencian-3::003 | B32: 사용 | C32: =IF(OR(B32<>AK32,M32<>L32,O32<>"",Q32<>"",V32<>1,Y32<>"",AT32<>""),"수정","원본") | D32: 10 | E32: 캐터피 | F32: caterpie | G32: caterpie valencian | H32: valencian | I32: 1 | K32: 1 | L32: cobbleventure:generation_1 | M32: cobbleventure:generation_1 | P32: the_bumblezone:floral_meadow | R32: =IF(Q32="",P32,Q32) | T32: common | U32: 4.5 | V32: 1 | W32: =IF(OR(U32="",V32=""),U32,U32*V32) | X32: 1-20 | Z32: =IF(Y32="",X32,Y32) | AA32: grounded | AJ32: Cobblemon 동일 | AK32: 사용 | AL32: COBBLEVERSE 1.7.42 / DP v31 | AM32: data/cobblemon/spawn_pool_world/0010_caterpie.json | AN32: caterpie-valencian-3 | AO32: pokemon | AQ32: {"biomes":["the_bumblezone:floral_meadow"]} | AR32: {"structures":["#the_bumblezone:sempiternal_sanctums"]}
A33: 0011_metapod.json::metapod-1::001 | B33: 사용 | C33: =IF(OR(B33<>AK33,M33<>L33,O33<>"",Q33<>"",V33<>1,Y33<>"",AT33<>""),"수정","원본") | D33: 11 | E33: 단데기 | F33: metapod | G33: metapod | I33: 1 | K33: 1 | L33: cobbleventure:generation_1 | M33: cobbleventure:generation_1 | N33: region_01 | P33: #cobblemon:is_forest; #cobblemon:is_plains; aether:skyroot_forest; aether:skyroot_woodland | R33: =IF(Q33="",P33,Q33) | S33: #cobblemon:is_freezing; #cobblemon:is_spooky | T33: common | U33: 2 | V33: 1 | W33: =IF(OR(U33="",V33=""),U33,U33*V33) | X33: 7-21 | Z33: =IF(Y33="",X33,Y33) | AA33: grounded | AE33: sky 8-15 | AJ33: Cobblemon 동일 | AK33: 사용 | AL33: COBBLEVERSE 1.7.42 / DP v31 | AM33: data/cobblemon/spawn_pool_world/0011_metapod.json | AN33: metapod-1 | AO33: pokemon | AP33: natural; foliage; treetop | AQ33: {"biomes":["#cobblemon:is_forest","#cobblemon:is_plains","aether:skyroot_forest","aether:skyroot_woodland"],"maxSkyLight":15,"minSkyLight":8} | AR33: {"biomes":["#cobblemon:is_freezing","#cobblemon:is_spooky"]}
A34: 0011_metapod.json::metapod-valencian-2::002 | B34: 사용 | C34: =IF(OR(B34<>AK34,M34<>L34,O34<>"",Q34<>"",V34<>1,Y34<>"",AT34<>""),"수정","원본") | D34: 11 | E34: 단데기 | F34: metapod | G34: metapod valencian | H34: valencian | I34: 1 | K34: 1 | L34: cobbleventure:generation_1 | M34: cobbleventure:generation_1 | P34: #cobblemon:is_jungle; #cobblemon:is_tropical_island | R34: =IF(Q34="",P34,Q34) | T34: common | U34: 2 | V34: 1 | W34: =IF(OR(U34="",V34=""),U34,U34*V34) | X34: 7-21 | Z34: =IF(Y34="",X34,Y34) | AA34: grounded | AE34: sky 8-15 | AJ34: Cobblemon 동일 | AK34: 사용 | AL34: COBBLEVERSE 1.7.42 / DP v31 | AM34: data/cobblemon/spawn_pool_world/0011_metapod.json | AN34: metapod-valencian-2 | AO34: pokemon | AP34: natural; treetop | AQ34: {"biomes":["#cobblemon:is_jungle","#cobblemon:is_tropical_island"],"maxSkyLight":15,"minSkyLight":8}
A35: 0011_metapod.json::metapod-valencian-3::003 | B35: 사용 | C35: =IF(OR(B35<>AK35,M35<>L35,O35<>"",Q35<>"",V35<>1,Y35<>"",AT35<>""),"수정","원본") | D35: 11 | E35: 단데기 | F35: metapod | G35: metapod valencian | H35: valencian | I35: 1 | K35: 1 | L35: cobbleventure:generation_1 | M35: cobbleventure:generation_1 | P35: the_bumblezone:floral_meadow | R35: =IF(Q35="",P35,Q35) | T35: common | U35: 1 | V35: 1 | W35: =IF(OR(U35="",V35=""),U35,U35*V35) | X35: 7-21 | Z35: =IF(Y35="",X35,Y35) | AA35: grounded | AJ35: Cobblemon 동일 | AK35: 사용 | AL35: COBBLEVERSE 1.7.42 / DP v31 | AM35: data/cobblemon/spawn_pool_world/0011_metapod.json | AN35: metapod-valencian-3 | AO35: pokemon | AQ35: {"biomes":["the_bumblezone:floral_meadow"]} | AR35: {"structures":["#the_bumblezone:sempiternal_sanctums"]}
A36: 0012_butterfree.json::butterfree-1::001 | B36: 사용 | C36: =IF(OR(B36<>AK36,M36<>L36,O36<>"",Q36<>"",V36<>1,Y36<>"",AT36<>""),"수정","원본") | D36: 12 | E36: 버터플 | F36: butterfree | G36: butterfree | I36: 1 | K36: 1 | L36: cobbleventure:generation_1 | M36: cobbleventure:generation_1 | N36: region_01 | P36: #cobblemon:is_temperate | R36: =IF(Q36="",P36,Q36) | S36: #cobblemon:is_floral; #cobblemon:is_freezing; #cobblemon:is_spooky | T36: common | U36: 1 | V36: 1 | W36: =IF(OR(U36="",V36=""),U36,U36*V36) | X36: 10-40 | Z36: =IF(Y36="",X36,Y36) | AA36: grounded | AB36: day | AE36: sky 8-15 | AJ36: Cobblemon 동일 | AK36: 사용 | AL36: COBBLEVERSE 1.7.42 / DP v31 | AM36: data/cobblemon/spawn_pool_world/0012_butterfree.json | AN36: butterfree-1 | AO36: pokemon | AP36: natural | AQ36: {"biomes":["#cobblemon:is_temperate"],"maxSkyLight":15,"minSkyLight":8,"timeRange":"day"} | AR36: {"biomes":["#cobblemon:is_floral","#cobblemon:is_freezing","#cobblemon:is_spooky"]}
A37: 0012_butterfree.json::butterfree-2::002 | B37: 사용 | C37: =IF(OR(B37<>AK37,M37<>L37,O37<>"",Q37<>"",V37<>1,Y37<>"",AT37<>""),"수정","원본") | D37: 12 | E37: 버터플 | F37: butterfree | G37: butterfree | I37: 1 | K37: 1 | L37: cobbleventure:generation_1 | M37: cobbleventure:generation_1 | P37: #cobblemon:is_floral | R37: =IF(Q37="",P37,Q37) | T37: common | U37: 10 | V37: 1 | W37: =IF(OR(U37="",V37=""),U37,U37*V37) | X37: 10-40 | Z37: =IF(Y37="",X37,Y37) | AA37: grounded | AB37: day | AE37: sky 8-15 | AJ37: Cobblemon 동일 | AK37: 사용 | AL37: COBBLEVERSE 1.7.42 / DP v31 | AM37: data/cobblemon/spawn_pool_world/0012_butterfree.json | AN37: butterfree-2 | AO37: pokemon | AP37: natural | AQ37: {"biomes":["#cobblemon:is_floral"],"maxSkyLight":15,"minSkyLight":8,"timeRange":"day"}
A38: 0012_butterfree.json::butterfree-3::003 | B38: 사용 | C38: =IF(OR(B38<>AK38,M38<>L38,O38<>"",Q38<>"",V38<>1,Y38<>"",AT38<>""),"수정","원본") | D38: 12 | E38: 버터플 | F38: butterfree | G38: butterfree | I38: 1 | K38: 1 | L38: cobbleventure:generation_1 | M38: cobbleventure:generation_1 | P38: #aether:is_aether | R38: =IF(Q38="",P38,Q38) | T38: common | U38: 1 | V38: 1 | W38: =IF(OR(U38="",V38=""),U38,U38*V38) | X38: 10-40 | Z38: =IF(Y38="",X38,Y38) | AA38: grounded | AE38: sky 8-15 | AJ38: Cobblemon 동일 | AK38: 사용 | AL38: COBBLEVERSE 1.7.42 / DP v31 | AM38: data/cobblemon/spawn_pool_world/0012_butterfree.json | AN38: butterfree-3 | AO38: pokemon | AP38: natural | AQ38: {"biomes":["#aether:is_aether"],"maxSkyLight":15,"minSkyLight":8}
A39: 0012_butterfree.json::butterfree-valencian-4::004 | B39: 사용 | C39: =IF(OR(B39<>AK39,M39<>L39,O39<>"",Q39<>"",V39<>1,Y39<>"",AT39<>""),"수정","원본") | D39: 12 | E39: 버터플 | F39: butterfree | G39: butterfree valencian | H39: valencian | I39: 1 | K39: 1 | L39: cobbleventure:generation_1 | M39: cobbleventure:generation_1 | P39: #cobblemon:is_jungle; #cobblemon:is_tropical_island | R39: =IF(Q39="",P39,Q39) | T39: common | U39: 1 | V39: 1 | W39: =IF(OR(U39="",V39=""),U39,U39*V39) | X39: 10-40 | Z39: =IF(Y39="",X39,Y39) | AA39: grounded | AB39: day | AE39: sky 8-15 | AJ39: Cobblemon 동일 | AK39: 사용 | AL39: COBBLEVERSE 1.7.42 / DP v31 | AM39: data/cobblemon/spawn_pool_world/0012_butterfree.json | AN39: butterfree-valencian-4 | AO39: pokemon | AP39: natural | AQ39: {"biomes":["#cobblemon:is_jungle","#cobblemon:is_tropical_island"],"maxSkyLight":15,"minSkyLight":8,"timeRange":"day"}
A40: 0012_butterfree.json::butterfree-valencian-5::005 | B40: 사용 | C40: =IF(OR(B40<>AK40,M40<>L40,O40<>"",Q40<>"",V40<>1,Y40<>"",AT40<>""),"수정","원본") | D40: 12 | E40: 버터플 | F40: butterfree | G40: butterfree valencian | H40: valencian | I40: 1 | K40: 1 | L40: cobbleventure:generation_1 | M40: cobbleventure:generation_1 | P40: the_bumblezone:floral_meadow | R40: =IF(Q40="",P40,Q40) | T40: common | U40: 5 | V40: 1 | W40: =IF(OR(U40="",V40=""),U40,U40*V40) | X40: 10-40 | Z40: =IF(Y40="",X40,Y40) | AA40: grounded | AJ40: Cobblemon 동일 | AK40: 사용 | AL40: COBBLEVERSE 1.7.42 / DP v31 | AM40: data/cobblemon/spawn_pool_world/0012_butterfree.json | AN40: butterfree-valencian-5 | AO40: pokemon | AQ40: {"biomes":["the_bumblezone:floral_meadow"]} | AR40: {"structures":["#the_bumblezone:sempiternal_sanctums"]}
A41: 0013_weedle.json::weedle-1::001 | B41: 사용 | C41: =IF(OR(B41<>AK41,M41<>L41,O41<>"",Q41<>"",V41<>1,Y41<>"",AT41<>""),"수정","원본") | D41: 13 | E41: 뿔충이 | F41: weedle | G41: weedle | I41: 1 | K41: 1 | L41: cobbleventure:generation_1 | M41: cobbleventure:generation_1 | N41: region_01 | P41: #cobblemon:is_forest; #cobblemon:is_jungle; aether:skyroot_forest; aether:skyroot_woodland | R41: =IF(Q41="",P41,Q41) | S41: #cobblemon:is_freezing | T41: common | U41: 7 | V41: 1 | W41: =IF(OR(U41="",V41=""),U41,U41*V41) | X41: 1-20 | Z41: =IF(Y41="",X41,Y41) | AA41: grounded | AE41: sky 8-15 | AJ41: Cobblemon 동일 | AK41: 사용 | AL41: COBBLEVERSE 1.7.42 / DP v31 | AM41: data/cobblemon/spawn_pool_world/0013_weedle.json | AN41: weedle-1 | AO41: pokemon | AP41: natural; treetop | AQ41: {"biomes":["#cobblemon:is_forest","#cobblemon:is_jungle","aether:skyroot_forest","aether:skyroot_woodland"],"maxSkyLight":15,"minSkyLight":8} | AR41: {"biomes":["#cobblemon:is_freezing"]}
A42: 0013_weedle.json::weedle-2::002 | B42: 사용 | C42: =IF(OR(B42<>AK42,M42<>L42,O42<>"",Q42<>"",V42<>1,Y42<>"",AT42<>""),"수정","원본") | D42: 13 | E42: 뿔충이 | F42: weedle | G42: weedle | I42: 1 | K42: 1 | L42: cobbleventure:generation_1 | M42: cobbleventure:generation_1 | P42: #the_bumblezone:the_bumblezone | R42: =IF(Q42="",P42,Q42) | T42: common | U42: 3 | V42: 1 | W42: =IF(OR(U42="",V42=""),U42,U42*V42) | X42: 1-20 | Z42: =IF(Y42="",X42,Y42) | AA42: grounded | AJ42: Cobblemon 동일 | AK42: 사용 | AL42: COBBLEVERSE 1.7.42 / DP v31 | AM42: data/cobblemon/spawn_pool_world/0013_weedle.json | AN42: weedle-2 | AO42: pokemon | AQ42: {"biomes":["#the_bumblezone:the_bumblezone"]} | AR42: {"structures":["#the_bumblezone:sempiternal_sanctums"]}
A43: 0014_kakuna.json::kakuna-1::001 | B43: 사용 | C43: =IF(OR(B43<>AK43,M43<>L43,O43<>"",Q43<>"",V43<>1,Y43<>"",AT43<>""),"수정","원본") | D43: 14 | E43: 딱충이 | F43: kakuna | G43: kakuna | I43: 1 | K43: 1 | L43: cobbleventure:generation_1 | M43: cobbleventure:generation_1 | N43: region_01 | P43: #cobblemon:is_forest; #cobblemon:is_jungle; aether:skyroot_forest; aether:skyroot_woodland | R43: =IF(Q43="",P43,Q43) | S43: #cobblemon:is_freezing | T43: common | U43: 2 | V43: 1 | W43: =IF(OR(U43="",V43=""),U43,U43*V43) | X43: 7-21 | Z43: =IF(Y43="",X43,Y43) | AA43: grounded | AE43: sky 8-15 | AJ43: Cobblemon 동일 | AK43: 사용 | AL43: COBBLEVERSE 1.7.42 / DP v31 | AM43: data/cobblemon/spawn_pool_world/0014_kakuna.json | AN43: kakuna-1 | AO43: pokemon | AP43: natural; treetop | AQ43: {"biomes":["#cobblemon:is_forest","#cobblemon:is_jungle","aether:skyroot_forest","aether:skyroot_woodland"],"maxSkyLight":15,"minSkyLight":8} | AR43: {"biomes":["#cobblemon:is_freezing"]}
A44: 0014_kakuna.json::kakuna-2::002 | B44: 사용 | C44: =IF(OR(B44<>AK44,M44<>L44,O44<>"",Q44<>"",V44<>1,Y44<>"",AT44<>""),"수정","원본") | D44: 14 | E44: 딱충이 | F44: kakuna | G44: kakuna | I44: 1 | K44: 1 | L44: cobbleventure:generation_1 | M44: cobbleventure:generation_1 | P44: #the_bumblezone:the_bumblezone | R44: =IF(Q44="",P44,Q44) | T44: common | U44: 2 | V44: 1 | W44: =IF(OR(U44="",V44=""),U44,U44*V44) | X44: 7-21 | Z44: =IF(Y44="",X44,Y44) | AA44: grounded | AJ44: Cobblemon 동일 | AK44: 사용 | AL44: COBBLEVERSE 1.7.42 / DP v31 | AM44: data/cobblemon/spawn_pool_world/0014_kakuna.json | AN44: kakuna-2 | AO44: pokemon | AQ44: {"biomes":["#the_bumblezone:the_bumblezone"]} | AR44: {"structures":["#the_bumblezone:sempiternal_sanctums"]}
A45: 0015_beedrill.json::beedrill-1::001 | B45: 사용 | C45: =IF(OR(B45<>AK45,M45<>L45,O45<>"",Q45<>"",V45<>1,Y45<>"",AT45<>""),"수정","원본") | D45: 15 | E45: 독침붕 | F45: beedrill | G45: beedrill | I45: 1 | K45: 1 | L45: cobbleventure:generation_1 | M45: cobbleventure:generation_1 | N45: region_01 | P45: #cobblemon:is_forest; #cobblemon:is_jungle; aether:skyroot_forest; aether:skyroot_woodland | R45: =IF(Q45="",P45,Q45) | S45: #cobblemon:is_freezing | T45: common | U45: 1 | V45: 1 | W45: =IF(OR(U45="",V45=""),U45,U45*V45) | X45: 10-40 | Z45: =IF(Y45="",X45,Y45) | AA45: grounded | AB45: day | AC45: 비=False | AE45: sky 8-15 | AJ45: Cobblemon 동일 | AK45: 사용 | AL45: COBBLEVERSE 1.7.42 / DP v31 | AM45: data/cobblemon/spawn_pool_world/0015_beedrill.json | AN45: beedrill-1 | AO45: pokemon | AP45: natural | AQ45: {"biomes":["#cobblemon:is_forest","#cobblemon:is_jungle","aether:skyroot_forest","aether:skyroot_woodland"],"isRaining":false,"maxSkyLight":15,"minSkyLight":8,"timeRange":"day"} | AR45: {"biomes":["#cobblemon:is_freezing"]}
A46: 0015_beedrill.json::beedrill-2::002 | B46: 사용 | C46: =IF(OR(B46<>AK46,M46<>L46,O46<>"",Q46<>"",V46<>1,Y46<>"",AT46<>""),"수정","원본") | D46: 15 | E46: 독침붕 | F46: beedrill | G46: beedrill | I46: 1 | K46: 1 | L46: cobbleventure:generation_1 | M46: cobbleventure:generation_1 | P46: #the_bumblezone:the_bumblezone | R46: =IF(Q46="",P46,Q46) | T46: common | U46: 5 | V46: 1 | W46: =IF(OR(U46="",V46=""),U46,U46*V46) | X46: 10-40 | Z46: =IF(Y46="",X46,Y46) | AA46: grounded | AJ46: Cobblemon 동일 | AK46: 사용 | AL46: COBBLEVERSE 1.7.42 / DP v31 | AM46: data/cobblemon/spawn_pool_world/0015_beedrill.json | AN46: beedrill-2 | AO46: pokemon | AQ46: {"biomes":["#the_bumblezone:the_bumblezone"]} | AR46: {"structures":["#the_bumblezone:sempiternal_sanctums"]}
A47: 0016_pidgey.json::pidgey-1::001 | B47: 사용 | C47: =IF(OR(B47<>AK47,M47<>L47,O47<>"",Q47<>"",V47<>1,Y47<>"",AT47<>""),"수정","원본") | D47: 16 | E47: 구구 | F47: pidgey | G47: pidgey | I47: 1 | K47: 1 | L47: cobbleventure:generation_1 | M47: cobbleventure:generation_1 | N47: region_01 | P47: #cobblemon:is_temperate; #cobblemon:is_sky | R47: =IF(Q47="",P47,Q47) | S47: #cobblemon:is_spooky | T47: common | U47: 9 | V47: 1 | W47: =IF(OR(U47="",V47=""),U47,U47*V47) | X47: 1-25 | Z47: =IF(Y47="",X47,Y47) | AA47: grounded | AB47: day | AE47: sky 8-15 | AJ47: Cobblemon 동일 | AK47: 사용 | AL47: COBBLEVERSE 1.7.42 / DP v31 | AM47: data/cobblemon/spawn_pool_world/0016_pidgey.json | AN47: pidgey-1 | AO47: pokemon | AP47: natural; treetop | AQ47: {"biomes":["#cobblemon:is_temperate","#cobblemon:is_sky"],"maxSkyLight":15,"minSkyLight":8,"timeRange":"day"} | AR47: {"biomes":["#cobblemon:is_spooky"]}
A48: 0016_pidgey.json::pidgey-3::002 | B48: 사용 | C48: =IF(OR(B48<>AK48,M48<>L48,O48<>"",Q48<>"",V48<>1,Y48<>"",AT48<>""),"수정","원본") | D48: 16 | E48: 구구 | F48: pidgey | G48: pidgey | I48: 1 | K48: 1 | L48: cobbleventure:generation_1 | M48: cobbleventure:generation_1 | P48: aether:skyroot_forest; aether:skyroot_woodland | R48: =IF(Q48="",P48,Q48) | T48: common | U48: 9 | V48: 1 | W48: =IF(OR(U48="",V48=""),U48,U48*V48) | X48: 1-25 | Z48: =IF(Y48="",X48,Y48) | AA48: grounded | AE48: sky 8-15 | AJ48: Cobblemon 동일 | AK48: 사용 | AL48: COBBLEVERSE 1.7.42 / DP v31 | AM48: data/cobblemon/spawn_pool_world/0016_pidgey.json | AN48: pidgey-3 | AO48: pokemon | AP48: natural; treetop | AQ48: {"biomes":["aether:skyroot_forest","aether:skyroot_woodland"],"maxSkyLight":15,"minSkyLight":8}
A49: 0017_pidgeotto.json::pidgeotto-1::001 | B49: 사용 | C49: =IF(OR(B49<>AK49,M49<>L49,O49<>"",Q49<>"",V49<>1,Y49<>"",AT49<>""),"수정","원본") | D49: 17 | E49: 피죤 | F49: pidgeotto | G49: pidgeotto | I49: 1 | K49: 1 | L49: cobbleventure:generation_1 | M49: cobbleventure:generation_1 | N49: region_01 | P49: #cobblemon:is_temperate; #cobblemon:is_sky | R49: =IF(Q49="",P49,Q49) | S49: #cobblemon:is_spooky | T49: common | U49: 0.9 | V49: 1 | W49: =IF(OR(U49="",V49=""),U49,U49*V49) | X49: 18-35 | Z49: =IF(Y49="",X49,Y49) | AA49: grounded | AB49: day | AE49: sky 8-15 | AJ49: Cobblemon 동일 | AK49: 사용 | AL49: COBBLEVERSE 1.7.42 / DP v31 | AM49: data/cobblemon/spawn_pool_world/0017_pidgeotto.json | AN49: pidgeotto-1 | AO49: pokemon | AP49: natural; treetop | AQ49: {"biomes":["#cobblemon:is_temperate","#cobblemon:is_sky"],"maxSkyLight":15,"minSkyLight":8,"timeRange":"day"} | AR49: {"biomes":["#cobblemon:is_spooky"]}
A50: 0017_pidgeotto.json::pidgeotto-3::002 | B50: 사용 | C50: =IF(OR(B50<>AK50,M50<>L50,O50<>"",Q50<>"",V50<>1,Y50<>"",AT50<>""),"수정","원본") | D50: 17 | E50: 피죤 | F50: pidgeotto | G50: pidgeotto | I50: 1 | K50: 1 | L50: cobbleventure:generation_1 | M50: cobbleventure:generation_1 | P50: aether:skyroot_forest; aether:skyroot_woodland | R50: =IF(Q50="",P50,Q50) | T50: common | U50: 0.9 | V50: 1 | W50: =IF(OR(U50="",V50=""),U50,U50*V50) | X50: 18-35 | Z50: =IF(Y50="",X50,Y50) | AA50: grounded | AE50: sky 8-15 | AJ50: Cobblemon 동일 | AK50: 사용 | AL50: COBBLEVERSE 1.7.42 / DP v31 | AM50: data/cobblemon/spawn_pool_world/0017_pidgeotto.json | AN50: pidgeotto-3 | AO50: pokemon | AP50: natural; treetop | AQ50: {"biomes":["aether:skyroot_forest","aether:skyroot_woodland"],"maxSkyLight":15,"minSkyLight":8}
A51: 0018_pidgeot.json::pidgeot-1::001 | B51: 사용 | C51: =IF(OR(B51<>AK51,M51<>L51,O51<>"",Q51<>"",V51<>1,Y51<>"",AT51<>""),"수정","원본") | D51: 18 | E51: 피죤투 | F51: pidgeot | G51: pidgeot | I51: 1 | K51: 1 | L51: cobbleventure:generation_1 | M51: cobbleventure:generation_1 | N51: region_01 | P51: #cobblemon:is_temperate; #cobblemon:is_sky | R51: =IF(Q51="",P51,Q51) | S51: #cobblemon:is_spooky | T51: common | U51: 0.1 | V51: 1 | W51: =IF(OR(U51="",V51=""),U51,U51*V51) | X51: 36-48 | Z51: =IF(Y51="",X51,Y51) | AA51: grounded | AB51: day | AE51: sky 8-15 | AJ51: Cobblemon 동일 | AK51: 사용 | AL51: COBBLEVERSE 1.7.42 / DP v31 | AM51: data/cobblemon/spawn_pool_world/0018_pidgeot.json | AN51: pidgeot-1 | AO51: pokemon | AP51: natural; treetop | AQ51: {"biomes":["#cobblemon:is_temperate","#cobblemon:is_sky"],"maxSkyLight":15,"minSkyLight":8,"timeRange":"day"} | AR51: {"biomes":["#cobblemon:is_spooky"]}
A52: 0018_pidgeot.json::pidgeot-3::002 | B52: 사용 | C52: =IF(OR(B52<>AK52,M52<>L52,O52<>"",Q52<>"",V52<>1,Y52<>"",AT52<>""),"수정","원본") | D52: 18 | E52: 피죤투 | F52: pidgeot | G52: pidgeot | I52: 1 | K52: 1 | L52: cobbleventure:generation_1 | M52: cobbleventure:generation_1 | P52: aether:skyroot_forest; aether:skyroot_woodland | R52: =IF(Q52="",P52,Q52) | T52: common | U52: 0.1 | V52: 1 | W52: =IF(OR(U52="",V52=""),U52,U52*V52) | X52: 36-48 | Z52: =IF(Y52="",X52,Y52) | AA52: grounded | AE52: sky 8-15 | AJ52: Cobblemon 동일 | AK52: 사용 | AL52: COBBLEVERSE 1.7.42 / DP v31 | AM52: data/cobblemon/spawn_pool_world/0018_pidgeot.json | AN52: pidgeot-3 | AO52: pokemon | AP52: natural; treetop | AQ52: {"biomes":["aether:skyroot_forest","aether:skyroot_woodland"],"maxSkyLight":15,"minSkyLight":8}
A53: 0019_rattata.json::rattata-1::001 | B53: 사용 | C53: =IF(OR(B53<>AK53,M53<>L53,O53<>"",Q53<>"",V53<>1,Y53<>"",AT53<>""),"수정","원본") | D53: 19 | E53: 꼬렛 | F53: rattata | G53: rattata | I53: 1 | K53: 1 | L53: cobbleventure:generation_1 | M53: cobbleventure:generation_1 | N53: region_01 | P53: #cobblemon:is_grassland | R53: =IF(Q53="",P53,Q53) | S53: #cobblemon:is_spooky | T53: common | U53: 9 | V53: 1 | W53: =IF(OR(U53="",V53=""),U53,U53*V53) | X53: 1-25 | Z53: =IF(Y53="",X53,Y53) | AA53: grounded | AB53: night | AE53: sky 8-15 | AJ53: Cobblemon 동일 | AK53: 사용 | AL53: COBBLEVERSE 1.7.42 / DP v31 | AM53: data/cobblemon/spawn_pool_world/0019_rattata.json | AN53: rattata-1 | AO53: pokemon | AP53: natural | AQ53: {"biomes":["#cobblemon:is_grassland"],"maxSkyLight":15,"minSkyLight":8,"timeRange":"night"} | AR53: {"biomes":["#cobblemon:is_spooky"]}
A54: 0019_rattata.json::rattata-2::002 | B54: 사용 | C54: =IF(OR(B54<>AK54,M54<>L54,O54<>"",Q54<>"",V54<>1,Y54<>"",AT54<>""),"수정","원본") | D54: 19 | E54: 꼬렛 | F54: rattata | G54: rattata | I54: 1 | K54: 1 | L54: cobbleventure:generation_1 | M54: cobbleventure:generation_1 | N54: region_01; region_02 | P54: #cobblemon:is_overworld | R54: =IF(Q54="",P54,Q54) | S54: #cobblemon:is_deep_dark | T54: common | U54: 9 | V54: 1 | W54: =IF(OR(U54="",V54=""),U54,U54*V54) | X54: 1-25 | Z54: =IF(Y54="",X54,Y54) | AA54: grounded | AD54: minY=0 | AE54: sky 0-7 | AJ54: Cobblemon 동일 | AK54: 사용 | AL54: COBBLEVERSE 1.7.42 / DP v31 | AM54: data/cobblemon/spawn_pool_world/0019_rattata.json | AN54: rattata-2 | AO54: pokemon | AP54: natural | AQ54: {"biomes":["#cobblemon:is_overworld"],"maxSkyLight":7,"minSkyLight":0,"minY":0} | AR54: {"biomes":["#cobblemon:is_deep_dark"]}
A55: 0019_rattata.json::rattata-3::003 | B55: 사용 | C55: =IF(OR(B55<>AK55,M55<>L55,O55<>"",Q55<>"",V55<>1,Y55<>"",AT55<>""),"수정","원본") | D55: 19 | E55: 꼬렛 | F55: rattata | G55: rattata | I55: 1 | K55: 1 | L55: cobbleventure:generation_1 | M55: cobbleventure:generation_1 | N55: region_01; region_02 | P55: #cobblemon:is_overworld | R55: =IF(Q55="",P55,Q55) | S55: #cobblemon:is_deep_dark | T55: uncommon | U55: 8.4 | V55: 1 | W55: =IF(OR(U55="",V55=""),U55,U55*V55) | X55: 1-25 | Z55: =IF(Y55="",X55,Y55) | AA55: grounded | AD55: minY=0 | AF55: False | AJ55: Cobblemon 동일 | AK55: 사용 | AL55: COBBLEVERSE 1.7.42 / DP v31 | AM55: data/cobblemon/spawn_pool_world/0019_rattata.json | AN55: rattata-3 | AO55: pokemon | AP55: derelict | AQ55: {"biomes":["#cobblemon:is_overworld"],"canSeeSky":false,"minY":0} | AR55: {"biomes":["#cobblemon:is_deep_dark"]}
A56: 0019_rattata.json::rattata-alolan-4::004 | B56: 사용 | C56: =IF(OR(B56<>AK56,M56<>L56,O56<>"",Q56<>"",V56<>1,Y56<>"",AT56<>""),"수정","원본") | D56: 19 | E56: 꼬렛 | F56: rattata | G56: rattata alolan | H56: alolan | I56: 1 | J56: 7 | K56: 7 | L56: cobbleventure:generation_7 | M56: cobbleventure:generation_7 | N56: region_01; region_02 | P56: #cobblemon:is_overworld | R56: =IF(Q56="",P56,Q56) | S56: #cobblemon:is_deep_dark | T56: common | U56: 9 | V56: 1 | W56: =IF(OR(U56="",V56=""),U56,U56*V56) | X56: 1-25 | Z56: =IF(Y56="",X56,Y56) | AA56: grounded | AD56: maxY=0 | AE56: sky 0-7 | AJ56: Cobblemon 동일 | AK56: 사용 | AL56: COBBLEVERSE 1.7.42 / DP v31 | AM56: data/cobblemon/spawn_pool_world/0019_rattata.json | AN56: rattata-alolan-4 | AO56: pokemon | AP56: natural | AQ56: {"biomes":["#cobblemon:is_overworld"],"maxSkyLight":7,"maxY":0,"minSkyLight":0} | AR56: {"biomes":["#cobblemon:is_deep_dark"]}
A57: 0019_rattata.json::rattata-alolan-5::005 | B57: 사용 | C57: =IF(OR(B57<>AK57,M57<>L57,O57<>"",Q57<>"",V57<>1,Y57<>"",AT57<>""),"수정","원본") | D57: 19 | E57: 꼬렛 | F57: rattata | G57: rattata alolan | H57: alolan | I57: 1 | J57: 7 | K57: 7 | L57: cobbleventure:generation_7 | M57: cobbleventure:generation_7 | N57: region_01; region_02 | P57: #cobblemon:is_overworld | R57: =IF(Q57="",P57,Q57) | S57: #cobblemon:is_deep_dark | T57: uncommon | U57: 8.4 | V57: 1 | W57: =IF(OR(U57="",V57=""),U57,U57*V57) | X57: 1-25 | Z57: =IF(Y57="",X57,Y57) | AA57: grounded | AD57: maxY=0 | AF57: False | AJ57: Cobblemon 동일 | AK57: 사용 | AL57: COBBLEVERSE 1.7.42 / DP v31 | AM57: data/cobblemon/spawn_pool_world/0019_rattata.json | AN57: rattata-alolan-5 | AO57: pokemon | AP57: derelict | AQ57: {"biomes":["#cobblemon:is_overworld"],"canSeeSky":false,"maxY":0} | AR57: {"biomes":["#cobblemon:is_deep_dark"]}
A58: 0019_rattata.json::rattata-alolan-6::006 | B58: 사용 | C58: =IF(OR(B58<>AK58,M58<>L58,O58<>"",Q58<>"",V58<>1,Y58<>"",AT58<>""),"수정","원본") | D58: 19 | E58: 꼬렛 | F58: rattata | G58: rattata alolan | H58: alolan | I58: 1 | J58: 7 | K58: 7 | L58: cobbleventure:generation_7 | M58: cobbleventure:generation_7 | P58: #cobblemon:is_spooky | R58: =IF(Q58="",P58,Q58) | T58: common | U58: 9 | V58: 1 | W58: =IF(OR(U58="",V58=""),U58,U58*V58) | X58: 1-25 | Z58: =IF(Y58="",X58,Y58) | AA58: grounded | AB58: night | AE58: sky 8-15 | AJ58: Cobblemon 동일 | AK58: 사용 | AL58: COBBLEVERSE 1.7.42 / DP v31 | AM58: data/cobblemon/spawn_pool_world/0019_rattata.json | AN58: rattata-alolan-6 | AO58: pokemon | AP58: natural | AQ58: {"biomes":["#cobblemon:is_spooky"],"maxSkyLight":15,"minSkyLight":8,"timeRange":"night"}
A59: 0019_rattata.json::rattata-alolan-7::007 | B59: 사용 | C59: =IF(OR(B59<>AK59,M59<>L59,O59<>"",Q59<>"",V59<>1,Y59<>"",AT59<>""),"수정","원본") | D59: 19 | E59: 꼬렛 | F59: rattata | G59: rattata alolan | H59: alolan | I59: 1 | J59: 7 | K59: 7 | L59: cobbleventure:generation_7 | M59: cobbleventure:generation_7 | P59: #cobblemon:is_spooky | R59: =IF(Q59="",P59,Q59) | S59: #cobblemon:is_deep_dark | T59: uncommon | U59: 8.4 | V59: 1 | W59: =IF(OR(U59="",V59=""),U59,U59*V59) | X59: 1-25 | Z59: =IF(Y59="",X59,Y59) | AA59: grounded | AF59: False | AJ59: Cobblemon 동일 | AK59: 사용 | AL59: COBBLEVERSE 1.7.42 / DP v31 | AM59: data/cobblemon/spawn_pool_world/0019_rattata.json | AN59: rattata-alolan-7 | AO59: pokemon | AP59: derelict | AQ59: {"biomes":["#cobblemon:is_spooky"],"canSeeSky":false} | AR59: {"biomes":["#cobblemon:is_deep_dark"]}
A60: 0020_raticate.json::raticate-1::001 | B60: 사용 | C60: =IF(OR(B60<>AK60,M60<>L60,O60<>"",Q60<>"",V60<>1,Y60<>"",AT60<>""),"수정","원본") | D60: 20 | E60: 레트라 | F60: raticate | G60: raticate | I60: 1 | K60: 1 | L60: cobbleventure:generation_1 | M60: cobbleventure:generation_1 | N60: region_01 | P60: #cobblemon:is_grassland | R60: =IF(Q60="",P60,Q60) | S60: #cobblemon:is_spooky | T60: common | U60: 1 | V60: 1 | W60: =IF(OR(U60="",V60=""),U60,U60*V60) | X60: 20-41 | Z60: =IF(Y60="",X60,Y60) | AA60: grounded | AB60: night | AE60: sky 8-15 | AJ60: Cobblemon 동일 | AK60: 사용 | AL60: COBBLEVERSE 1.7.42 / DP v31 | AM60: data/cobblemon/spawn_pool_world/0020_raticate.json | AN60: raticate-1 | AO60: pokemon | AP60: natural | AQ60: {"biomes":["#cobblemon:is_grassland"],"maxSkyLight":15,"minSkyLight":8,"timeRange":"night"} | AR60: {"biomes":["#cobblemon:is_spooky"]}
A61: 0020_raticate.json::raticate-2::002 | B61: 사용 | C61: =IF(OR(B61<>AK61,M61<>L61,O61<>"",Q61<>"",V61<>1,Y61<>"",AT61<>""),"수정","원본") | D61: 20 | E61: 레트라 | F61: raticate | G61: raticate | I61: 1 | K61: 1 | L61: cobbleventure:generation_1 | M61: cobbleventure:generation_1 | N61: region_01; region_02 | P61: #cobblemon:is_overworld | R61: =IF(Q61="",P61,Q61) | S61: #cobblemon:is_deep_dark | T61: common | U61: 1 | V61: 1 | W61: =IF(OR(U61="",V61=""),U61,U61*V61) | X61: 20-41 | Z61: =IF(Y61="",X61,Y61) | AA61: grounded | AD61: minY=0 | AE61: sky 0-7 | AJ61: Cobblemon 동일 | AK61: 사용 | AL61: COBBLEVERSE 1.7.42 / DP v31 | AM61: data/cobblemon/spawn_pool_world/0020_raticate.json | AN61: raticate-2 | AO61: pokemon | AP61: natural | AQ61: {"biomes":["#cobblemon:is_overworld"],"maxSkyLight":7,"minSkyLight":0,"minY":0} | AR61: {"biomes":["#cobblemon:is_deep_dark"]}
A62: 0020_raticate.json::raticate-3::003 | B62: 사용 | C62: =IF(OR(B62<>AK62,M62<>L62,O62<>"",Q62<>"",V62<>1,Y62<>"",AT62<>""),"수정","원본") | D62: 20 | E62: 레트라 | F62: raticate | G62: raticate | I62: 1 | K62: 1 | L62: cobbleventure:generation_1 | M62: cobbleventure:generation_1 | N62: region_01; region_02 | P62: #cobblemon:is_overworld | R62: =IF(Q62="",P62,Q62) | S62: #cobblemon:is_deep_dark | T62: uncommon | U62: 1.6 | V62: 1 | W62: =IF(OR(U62="",V62=""),U62,U62*V62) | X62: 20-41 | Z62: =IF(Y62="",X62,Y62) | AA62: grounded | AD62: minY=0 | AF62: False | AJ62: Cobblemon 동일 | AK62: 사용 | AL62: COBBLEVERSE 1.7.42 / DP v31 | AM62: data/cobblemon/spawn_pool_world/0020_raticate.json | AN62: raticate-3 | AO62: pokemon | AP62: derelict | AQ62: {"biomes":["#cobblemon:is_overworld"],"canSeeSky":false,"minY":0} | AR62: {"biomes":["#cobblemon:is_deep_dark"]}
A63: 0020_raticate.json::raticate-alolan-4::004 | B63: 사용 | C63: =IF(OR(B63<>AK63,M63<>L63,O63<>"",Q63<>"",V63<>1,Y63<>"",AT63<>""),"수정","원본") | D63: 20 | E63: 레트라 | F63: raticate | G63: raticate alolan | H63: alolan | I63: 1 | J63: 7 | K63: 7 | L63: cobbleventure:generation_7 | M63: cobbleventure:generation_7 | N63: region_01; region_02 | P63: #cobblemon:is_overworld | R63: =IF(Q63="",P63,Q63) | S63: #cobblemon:is_deep_dark | T63: common | U63: 1 | V63: 1 | W63: =IF(OR(U63="",V63=""),U63,U63*V63) | X63: 20-41 | Z63: =IF(Y63="",X63,Y63) | AA63: grounded | AD63: maxY=0 | AE63: sky 0-7 | AJ63: Cobblemon 동일 | AK63: 사용 | AL63: COBBLEVERSE 1.7.42 / DP v31 | AM63: data/cobblemon/spawn_pool_world/0020_raticate.json | AN63: raticate-alolan-4 | AO63: pokemon | AP63: natural | AQ63: {"biomes":["#cobblemon:is_overworld"],"maxSkyLight":7,"maxY":0,"minSkyLight":0} | AR63: {"biomes":["#cobblemon:is_deep_dark"]}
A64: 0020_raticate.json::raticate-alolan-5::005 | B64: 사용 | C64: =IF(OR(B64<>AK64,M64<>L64,O64<>"",Q64<>"",V64<>1,Y64<>"",AT64<>""),"수정","원본") | D64: 20 | E64: 레트라 | F64: raticate | G64: raticate alolan | H64: alolan | I64: 1 | J64: 7 | K64: 7 | L64: cobbleventure:generation_7 | M64: cobbleventure:generation_7 | N64: region_01; region_02 | P64: #cobblemon:is_overworld | R64: =IF(Q64="",P64,Q64) | S64: #cobblemon:is_deep_dark | T64: uncommon | U64: 1.6 | V64: 1 | W64: =IF(OR(U64="",V64=""),U64,U64*V64) | X64: 20-41 | Z64: =IF(Y64="",X64,Y64) | AA64: grounded | AD64: maxY=0 | AF64: False | AJ64: Cobblemon 동일 | AK64: 사용 | AL64: COBBLEVERSE 1.7.42 / DP v31 | AM64: data/cobblemon/spawn_pool_world/0020_raticate.json | AN64: raticate-alolan-5 | AO64: pokemon | AP64: derelict | AQ64: {"biomes":["#cobblemon:is_overworld"],"canSeeSky":false,"maxY":0} | AR64: {"biomes":["#cobblemon:is_deep_dark"]}
A65: 0020_raticate.json::raticate-alolan-6::006 | B65: 사용 | C65: =IF(OR(B65<>AK65,M65<>L65,O65<>"",Q65<>"",V65<>1,Y65<>"",AT65<>""),"수정","원본") | D65: 20 | E65: 레트라 | F65: raticate | G65: raticate alolan | H65: alolan | I65: 1 | J65: 7 | K65: 7 | L65: cobbleventure:generation_7 | M65: cobbleventure:generation_7 | P65: #cobblemon:is_spooky | R65: =IF(Q65="",P65,Q65) | T65: common | U65: 1 | V65: 1 | W65: =IF(OR(U65="",V65=""),U65,U65*V65) | X65: 20-41 | Z65: =IF(Y65="",X65,Y65) | AA65: grounded | AB65: night | AE65: sky 8-15 | AJ65: Cobblemon 동일 | AK65: 사용 | AL65: COBBLEVERSE 1.7.42 / DP v31 | AM65: data/cobblemon/spawn_pool_world/0020_raticate.json | AN65: raticate-alolan-6 | AO65: pokemon | AP65: natural | AQ65: {"biomes":["#cobblemon:is_spooky"],"maxSkyLight":15,"minSkyLight":8,"timeRange":"night"}
A66: 0020_raticate.json::raticate-alolan-7::007 | B66: 사용 | C66: =IF(OR(B66<>AK66,M66<>L66,O66<>"",Q66<>"",V66<>1,Y66<>"",AT66<>""),"수정","원본") | D66: 20 | E66: 레트라 | F66: raticate | G66: raticate alolan | H66: alolan | I66: 1 | J66: 7 | K66: 7 | L66: cobbleventure:generation_7 | M66: cobbleventure:generation_7 | P66: #cobblemon:is_spooky | R66: =IF(Q66="",P66,Q66) | S66: #cobblemon:is_deep_dark | T66: uncommon | U66: 1.6 | V66: 1 | W66: =IF(OR(U66="",V66=""),U66,U66*V66) | X66: 20-41 | Z66: =IF(Y66="",X66,Y66) | AA66: grounded | AF66: False | AJ66: Cobblemon 동일 | AK66: 사용 | AL66: COBBLEVERSE 1.7.42 / DP v31 | AM66: data/cobblemon/spawn_pool_world/0020_raticate.json | AN66: raticate-alolan-7 | AO66: pokemon | AP66: derelict | AQ66: {"biomes":["#cobblemon:is_spooky"],"canSeeSky":false} | AR66: {"biomes":["#cobblemon:is_deep_dark"]}
A67: 0021_spearow.json::spearow-1::001 | B67: 사용 | C67: =IF(OR(B67<>AK67,M67<>L67,O67<>"",Q67<>"",V67<>1,Y67<>"",AT67<>""),"수정","원본") | D67: 21 | E67: 깨비참 | F67: spearow | G67: spearow | I67: 1 | K67: 1 | L67: cobbleventure:generation_1 | M67: cobbleventure:generation_1 | P67: #cobblemon:is_badlands; #cobblemon:is_savanna; #cobblemon:is_sky | R67: =IF(Q67="",P67,Q67) | T67: common | U67: 9 | V67: 1 | W67: =IF(OR(U67="",V67=""),U67,U67*V67) | X67: 1-26 | Z67: =IF(Y67="",X67,Y67) | AA67: grounded | AB67: day | AE67: sky 8-15 | AJ67: Cobblemon 동일 | AK67: 사용 | AL67: COBBLEVERSE 1.7.42 / DP v31 | AM67: data/cobblemon/spawn_pool_world/0021_spearow.json | AN67: spearow-1 | AO67: pokemon | AP67: natural; treetop | AQ67: {"biomes":["#cobblemon:is_badlands","#cobblemon:is_savanna","#cobblemon:is_sky"],"maxSkyLight":15,"minSkyLight":8,"timeRange":"day"}
A68: 0022_fearow.json::fearow-1::001 | B68: 사용 | C68: =IF(OR(B68<>AK68,M68<>L68,O68<>"",Q68<>"",V68<>1,Y68<>"",AT68<>""),"수정","원본") | D68: 22 | E68: 깨비드릴조 | F68: fearow | G68: fearow | I68: 1 | K68: 1 | L68: cobbleventure:generation_1 | M68: cobbleventure:generation_1 | P68: #cobblemon:is_badlands; #cobblemon:is_savanna; #cobblemon:is_sky | R68: =IF(Q68="",P68,Q68) | T68: common | U68: 1 | V68: 1 | W68: =IF(OR(U68="",V68=""),U68,U68*V68) | X68: 20-44 | Z68: =IF(Y68="",X68,Y68) | AA68: grounded | AB68: day | AE68: sky 8-15 | AJ68: Cobblemon 동일 | AK68: 사용 | AL68: COBBLEVERSE 1.7.42 / DP v31 | AM68: data/cobblemon/spawn_pool_world/0022_fearow.json | AN68: fearow-1 | AO68: pokemon | AP68: natural; treetop | AQ68: {"biomes":["#cobblemon:is_badlands","#cobblemon:is_savanna","#cobblemon:is_sky"],"maxSkyLight":15,"minSkyLight":8,"timeRange":"day"}
A69: 0023_ekans.json::ekans-classic-1::001 | B69: 사용 | C69: =IF(OR(B69<>AK69,M69<>L69,O69<>"",Q69<>"",V69<>1,Y69<>"",AT69<>""),"수정","원본") | D69: 23 | E69: 아보 | F69: ekans | G69: ekans snake_pattern=classic | H69: snake_pattern=classic | I69: 1 | K69: 1 | L69: cobbleventure:generation_1 | M69: cobbleventure:generation_1 | N69: region_02 | P69: #cobblemon:is_arid | R69: =IF(Q69="",P69,Q69) | T69: common | U69: 4.05 | V69: 1 | W69: =IF(OR(U69="",V69=""),U69,U69*V69) | X69: 4-29 | Z69: =IF(Y69="",X69,Y69) | AA69: grounded | AE69: sky 8-15 | AJ69: COBBLEVERSE 수정 | AK69: 사용 | AL69: COBBLEVERSE 1.7.42 / DP v31 | AM69: data/cobblemon/spawn_pool_world/0023_ekans.json | AN69: ekans-classic-1 | AO69: pokemon | AP69: natural | AQ69: {"biomes":["#cobblemon:is_arid"],"maxSkyLight":15,"minSkyLight":8}
A70: 0023_ekans.json::ekans-legacy-2::002 | B70: 사용 | C70: =IF(OR(B70<>AK70,M70<>L70,O70<>"",Q70<>"",V70<>1,Y70<>"",AT70<>""),"수정","원본") | D70: 23 | E70: 아보 | F70: ekans | G70: ekans snake_pattern=legacy | H70: snake_pattern=legacy | I70: 1 | K70: 1 | L70: cobbleventure:generation_1 | M70: cobbleventure:generation_1 | N70: region_02 | P70: #cobblemon:is_arid | R70: =IF(Q70="",P70,Q70) | T70: common | U70: 0.27 | V70: 1 | W70: =IF(OR(U70="",V70=""),U70,U70*V70) | X70: 4-29 | Z70: =IF(Y70="",X70,Y70) | AA70: grounded | AE70: sky 8-15 | AJ70: COBBLEVERSE 수정 | AK70: 사용 | AL70: COBBLEVERSE 1.7.42 / DP v31 | AM70: data/cobblemon/spawn_pool_world/0023_ekans.json | AN70: ekans-legacy-2 | AO70: pokemon | AP70: natural | AQ70: {"biomes":["#cobblemon:is_arid"],"maxSkyLight":15,"minSkyLight":8}
A71: 0023_ekans.json::ekans-attack-2::003 | B71: 사용 | C71: =IF(OR(B71<>AK71,M71<>L71,O71<>"",Q71<>"",V71<>1,Y71<>"",AT71<>""),"수정","원본") | D71: 23 | E71: 아보 | F71: ekans | G71: ekans snake_pattern=attack | H71: snake_pattern=attack | I71: 1 | K71: 1 | L71: cobbleventure:generation_1 | M71: cobbleventure:generation_1 | N71: region_02 | P71: #cobblemon:is_arid | R71: =IF(Q71="",P71,Q71) | T71: common | U71: 0.27 | V71: 1 | W71: =IF(OR(U71="",V71=""),U71,U71*V71) | X71: 4-29 | Z71: =IF(Y71="",X71,Y71) | AA71: grounded | AE71: sky 8-15 | AJ71: COBBLEVERSE 수정 | AK71: 사용 | AL71: COBBLEVERSE 1.7.42 / DP v31 | AM71: data/cobblemon/spawn_pool_world/0023_ekans.json | AN71: ekans-attack-2 | AO71: pokemon | AP71: natural | AQ71: {"biomes":["#cobblemon:is_arid"],"maxSkyLight":15,"minSkyLight":8}
A72: 0023_ekans.json::ekans-speed-2::004 | B72: 사용 | C72: =IF(OR(B72<>AK72,M72<>L72,O72<>"",Q72<>"",V72<>1,Y72<>"",AT72<>""),"수정","원본") | D72: 23 | E72: 아보 | F72: ekans | G72: ekans snake_pattern=speed | H72: snake_pattern=speed | I72: 1 | K72: 1 | L72: cobbleventure:generation_1 | M72: cobbleventure:generation_1 | N72: region_02 | P72: #cobblemon:is_arid | R72: =IF(Q72="",P72,Q72) | T72: common | U72: 0.27 | V72: 1 | W72: =IF(OR(U72="",V72=""),U72,U72*V72) | X72: 4-29 | Z72: =IF(Y72="",X72,Y72) | AA72: grounded | AE72: sky 8-15 | AJ72: COBBLEVERSE 수정 | AK72: 사용 | AL72: COBBLEVERSE 1.7.42 / DP v31 | AM72: data/cobblemon/spawn_pool_world/0023_ekans.json | AN72: ekans-speed-2 | AO72: pokemon | AP72: natural | AQ72: {"biomes":["#cobblemon:is_arid"],"maxSkyLight":15,"minSkyLight":8}
A73: 0023_ekans.json::ekans-elusive-2::005 | B73: 사용 | C73: =IF(OR(B73<>AK73,M73<>L73,O73<>"",Q73<>"",V73<>1,Y73<>"",AT73<>""),"수정","원본") | D73: 23 | E73: 아보 | F73: ekans | G73: ekans snake_pattern=elusive | H73: snake_pattern=elusive | I73: 1 | K73: 1 | L73: cobbleventure:generation_1 | M73: cobbleventure:generation_1 | N73: region_02 | P73: #cobblemon:is_arid | R73: =IF(Q73="",P73,Q73) | T73: common | U73: 0.27 | V73: 1 | W73: =IF(OR(U73="",V73=""),U73,U73*V73) | X73: 4-29 | Z73: =IF(Y73="",X73,Y73) | AA73: grounded | AE73: sky 8-15 | AJ73: COBBLEVERSE 수정 | AK73: 사용 | AL73: COBBLEVERSE 1.7.42 / DP v31 | AM73: data/cobblemon/spawn_pool_world/0023_ekans.json | AN73: ekans-elusive-2 | AO73: pokemon | AP73: natural | AQ73: {"biomes":["#cobblemon:is_arid"],"maxSkyLight":15,"minSkyLight":8}
A74: 0023_ekans.json::ekans-sound-2::006 | B74: 사용 | C74: =IF(OR(B74<>AK74,M74<>L74,O74<>"",Q74<>"",V74<>1,Y74<>"",AT74<>""),"수정","원본") | D74: 23 | E74: 아보 | F74: ekans | G74: ekans snake_pattern=sound | H74: snake_pattern=sound | I74: 1 | K74: 1 | L74: cobbleventure:generation_1 | M74: cobbleventure:generation_1 | N74: region_02 | P74: #cobblemon:is_arid | R74: =IF(Q74="",P74,Q74) | T74: common | U74: 0.27 | V74: 1 | W74: =IF(OR(U74="",V74=""),U74,U74*V74) | X74: 4-29 | Z74: =IF(Y74="",X74,Y74) | AA74: grounded | AE74: sky 8-15 | AJ74: COBBLEVERSE 수정 | AK74: 사용 | AL74: COBBLEVERSE 1.7.42 / DP v31 | AM74: data/cobblemon/spawn_pool_world/0023_ekans.json | AN74: ekans-sound-2 | AO74: pokemon | AP74: natural | AQ74: {"biomes":["#cobblemon:is_arid"],"maxSkyLight":15,"minSkyLight":8}
A75: 0023_ekans.json::ekans-dark-3::007 | B75: 사용 | C75: =IF(OR(B75<>AK75,M75<>L75,O75<>"",Q75<>"",V75<>1,Y75<>"",AT75<>""),"수정","원본") | D75: 23 | E75: 아보 | F75: ekans | G75: ekans snake_pattern=dark | H75: snake_pattern=dark | I75: 1 | K75: 1 | L75: cobbleventure:generation_1 | M75: cobbleventure:generation_1 | P75: minecraft:deep_dark | R75: =IF(Q75="",P75,Q75) | T75: common | U75: 5.4 | V75: 1 | W75: =IF(OR(U75="",V75=""),U75,U75*V75) | X75: 4-29 | Z75: =IF(Y75="",X75,Y75) | AA75: grounded | AJ75: COBBLEVERSE 수정 | AK75: 사용 | AL75: COBBLEVERSE 1.7.42 / DP v31 | AM75: data/cobblemon/spawn_pool_world/0023_ekans.json | AN75: ekans-dark-3 | AO75: pokemon | AP75: natural | AQ75: {"biomes":["minecraft:deep_dark"]}
A76: 0024_arbok.json::arbok-classic-1::001 | B76: 사용 | C76: =IF(OR(B76<>AK76,M76<>L76,O76<>"",Q76<>"",V76<>1,Y76<>"",AT76<>""),"수정","원본") | D76: 24 | E76: 아보크 | F76: arbok | G76: arbok snake_pattern=classic | H76: snake_pattern=classic | I76: 1 | K76: 1 | L76: cobbleventure:generation_1 | M76: cobbleventure:generation_1 | N76: region_02 | P76: #cobblemon:is_arid | R76: =IF(Q76="",P76,Q76) | T76: common | U76: 0.45 | V76: 1 | W76: =IF(OR(U76="",V76=""),U76,U76*V76) | X76: 22-45 | Z76: =IF(Y76="",X76,Y76) | AA76: grounded | AE76: sky 8-15 | AJ76: COBBLEVERSE 수정 | AK76: 사용 | AL76: COBBLEVERSE 1.7.42 / DP v31 | AM76: data/cobblemon/spawn_pool_world/0024_arbok.json | AN76: arbok-classic-1 | AO76: pokemon | AP76: natural | AQ76: {"biomes":["#cobblemon:is_arid"],"maxSkyLight":15,"minSkyLight":8}
A77: 0024_arbok.json::arbok-legacy-2::002 | B77: 사용 | C77: =IF(OR(B77<>AK77,M77<>L77,O77<>"",Q77<>"",V77<>1,Y77<>"",AT77<>""),"수정","원본") | D77: 24 | E77: 아보크 | F77: arbok | G77: arbok snake_pattern=legacy | H77: snake_pattern=legacy | I77: 1 | K77: 1 | L77: cobbleventure:generation_1 | M77: cobbleventure:generation_1 | N77: region_02 | P77: #cobblemon:is_arid | R77: =IF(Q77="",P77,Q77) | T77: common | U77: 0.03 | V77: 1 | W77: =IF(OR(U77="",V77=""),U77,U77*V77) | X77: 22-45 | Z77: =IF(Y77="",X77,Y77) | AA77: grounded | AE77: sky 8-15 | AJ77: COBBLEVERSE 수정 | AK77: 사용 | AL77: COBBLEVERSE 1.7.42 / DP v31 | AM77: data/cobblemon/spawn_pool_world/0024_arbok.json | AN77: arbok-legacy-2 | AO77: pokemon | AP77: natural | AQ77: {"biomes":["#cobblemon:is_arid"],"maxSkyLight":15,"minSkyLight":8}
A78: 0024_arbok.json::arbok-attack-2::003 | B78: 사용 | C78: =IF(OR(B78<>AK78,M78<>L78,O78<>"",Q78<>"",V78<>1,Y78<>"",AT78<>""),"수정","원본") | D78: 24 | E78: 아보크 | F78: arbok | G78: arbok snake_pattern=attack | H78: snake_pattern=attack | I78: 1 | K78: 1 | L78: cobbleventure:generation_1 | M78: cobbleventure:generation_1 | N78: region_02 | P78: #cobblemon:is_arid | R78: =IF(Q78="",P78,Q78) | T78: common | U78: 0.03 | V78: 1 | W78: =IF(OR(U78="",V78=""),U78,U78*V78) | X78: 22-45 | Z78: =IF(Y78="",X78,Y78) | AA78: grounded | AE78: sky 8-15 | AJ78: COBBLEVERSE 수정 | AK78: 사용 | AL78: COBBLEVERSE 1.7.42 / DP v31 | AM78: data/cobblemon/spawn_pool_world/0024_arbok.json | AN78: arbok-attack-2 | AO78: pokemon | AP78: natural | AQ78: {"biomes":["#cobblemon:is_arid"],"maxSkyLight":15,"minSkyLight":8}
A79: 0024_arbok.json::arbok-speed-2::004 | B79: 사용 | C79: =IF(OR(B79<>AK79,M79<>L79,O79<>"",Q79<>"",V79<>1,Y79<>"",AT79<>""),"수정","원본") | D79: 24 | E79: 아보크 | F79: arbok | G79: arbok snake_pattern=speed | H79: snake_pattern=speed | I79: 1 | K79: 1 | L79: cobbleventure:generation_1 | M79: cobbleventure:generation_1 | N79: region_02 | P79: #cobblemon:is_arid | R79: =IF(Q79="",P79,Q79) | T79: common | U79: 0.03 | V79: 1 | W79: =IF(OR(U79="",V79=""),U79,U79*V79) | X79: 22-45 | Z79: =IF(Y79="",X79,Y79) | AA79: grounded | AE79: sky 8-15 | AJ79: COBBLEVERSE 수정 | AK79: 사용 | AL79: COBBLEVERSE 1.7.42 / DP v31 | AM79: data/cobblemon/spawn_pool_world/0024_arbok.json | AN79: arbok-speed-2 | AO79: pokemon | AP79: natural | AQ79: {"biomes":["#cobblemon:is_arid"],"maxSkyLight":15,"minSkyLight":8}
A80: 0024_arbok.json::arbok-elusive-2::005 | B80: 사용 | C80: =IF(OR(B80<>AK80,M80<>L80,O80<>"",Q80<>"",V80<>1,Y80<>"",AT80<>""),"수정","원본") | D80: 24 | E80: 아보크 | F80: arbok | G80: arbok snake_pattern=elusive | H80: snake_pattern=elusive | I80: 1 | K80: 1 | L80: cobbleventure:generation_1 | M80: cobbleventure:generation_1 | N80: region_02 | P80: #cobblemon:is_arid | R80: =IF(Q80="",P80,Q80) | T80: common | U80: 0.03 | V80: 1 | W80: =IF(OR(U80="",V80=""),U80,U80*V80) | X80: 22-45 | Z80: =IF(Y80="",X80,Y80) | AA80: grounded | AE80: sky 8-15 | AJ80: COBBLEVERSE 수정 | AK80: 사용 | AL80: COBBLEVERSE 1.7.42 / DP v31 | AM80: data/cobblemon/spawn_pool_world/0024_arbok.json | AN80: arbok-elusive-2 | AO80: pokemon | AP80: natural | AQ80: {"biomes":["#cobblemon:is_arid"],"maxSkyLight":15,"minSkyLight":8}
A81: 0024_arbok.json::arbok-sound-2::006 | B81: 사용 | C81: =IF(OR(B81<>AK81,M81<>L81,O81<>"",Q81<>"",V81<>1,Y81<>"",AT81<>""),"수정","원본") | D81: 24 | E81: 아보크 | F81: arbok | G81: arbok snake_pattern=sound | H81: snake_pattern=sound | I81: 1 | K81: 1 | L81: cobbleventure:generation_1 | M81: cobbleventure:generation_1 | N81: region_02 | P81: #cobblemon:is_arid | R81: =IF(Q81="",P81,Q81) | T81: common | U81: 0.03 | V81: 1 | W81: =IF(OR(U81="",V81=""),U81,U81*V81) | X81: 22-45 | Z81: =IF(Y81="",X81,Y81) | AA81: grounded | AE81: sky 8-15 | AJ81: COBBLEVERSE 수정 | AK81: 사용 | AL81: COBBLEVERSE 1.7.42 / DP v31 | AM81: data/cobblemon/spawn_pool_world/0024_arbok.json | AN81: arbok-sound-2 | AO81: pokemon | AP81: natural | AQ81: {"biomes":["#cobblemon:is_arid"],"maxSkyLight":15,"minSkyLight":8}
A82: 0024_arbok.json::arbok-dark-3::007 | B82: 사용 | C82: =IF(OR(B82<>AK82,M82<>L82,O82<>"",Q82<>"",V82<>1,Y82<>"",AT82<>""),"수정","원본") | D82: 24 | E82: 아보크 | F82: arbok | G82: arbok snake_pattern=dark | H82: snake_pattern=dark | I82: 1 | K82: 1 | L82: cobbleventure:generation_1 | M82: cobbleventure:generation_1 | P82: minecraft:deep_dark | R82: =IF(Q82="",P82,Q82) | T82: common | U82: 0.6 | V82: 1 | W82: =IF(OR(U82="",V82=""),U82,U82*V82) | X82: 22-45 | Z82: =IF(Y82="",X82,Y82) | AA82: grounded | AJ82: COBBLEVERSE 수정 | AK82: 사용 | AL82: COBBLEVERSE 1.7.42 / DP v31 | AM82: data/cobblemon/spawn_pool_world/0024_arbok.json | AN82: arbok-dark-3 | AO82: pokemon | AP82: natural | AQ82: {"biomes":["minecraft:deep_dark"]}
A83: 0025_pikachu.json::pikachu-1::001 | B83: 사용 | C83: =IF(OR(B83<>AK83,M83<>L83,O83<>"",Q83<>"",V83<>1,Y83<>"",AT83<>""),"수정","원본") | D83: 25 | E83: 피카츄 | F83: pikachu | G83: pikachu | I83: 1 | K83: 1 | L83: cobbleventure:generation_1 | M83: cobbleventure:generation_1 | N83: region_01 | P83: #cobblemon:is_forest | R83: =IF(Q83="",P83,Q83) | S83: #cobblemon:is_spooky | T83: uncommon | U83: 3.75 | V83: 1 | W83: =IF(OR(U83="",V83=""),U83,U83*V83) | X83: 16-32 | Z83: =IF(Y83="",X83,Y83) | AA83: grounded | AE83: sky 8-15 | AJ83: COBBLEVERSE 수정 | AK83: 사용 | AL83: COBBLEVERSE 1.7.42 / DP v31 | AM83: data/cobblemon/spawn_pool_world/0025_pikachu.json | AN83: pikachu-1 | AO83: pokemon | AP83: natural | AQ83: {"biomes":["#cobblemon:is_forest"],"maxSkyLight":15,"minSkyLight":8} | AR83: {"biomes":["#cobblemon:is_spooky"]} | AS83: {"weightMultiplier":{"condition":{"isThundering":true},"multiplier":2.0}}
A84: 0025_pikachu.json::pikachu-alola-2::002 | B84: 사용 | C84: =IF(OR(B84<>AK84,M84<>L84,O84<>"",Q84<>"",V84<>1,Y84<>"",AT84<>""),"수정","원본") | D84: 25 | E84: 피카츄 | F84: pikachu | G84: pikachu region_bias=alola | H84: region_bias=alola | I84: 1 | J84: 7 | K84: 7 | L84: cobbleventure:generation_7 | M84: cobbleventure:generation_7 | P84: #cobblemon:is_beach; #cobblemon:is_tropical_island | R84: =IF(Q84="",P84,Q84) | S84: #cobblemon:is_freezing | T84: uncommon | U84: 1.8 | V84: 1 | W84: =IF(OR(U84="",V84=""),U84,U84*V84) | X84: 16-32 | Z84: =IF(Y84="",X84,Y84) | AA84: grounded | AE84: sky 8-15 | AJ84: COBBLEVERSE 수정 | AK84: 사용 | AL84: COBBLEVERSE 1.7.42 / DP v31 | AM84: data/cobblemon/spawn_pool_world/0025_pikachu.json | AN84: pikachu-alola-2 | AO84: pokemon | AP84: natural | AQ84: {"biomes":["#cobblemon:is_beach","#cobblemon:is_tropical_island"],"maxSkyLight":15,"minSkyLight":8} | AR84: {"biomes":["#cobblemon:is_freezing"]} | AS84: {"weightMultiplier":{"condition":{"isThundering":true},"multiplier":5.0}}
A85: 0025_pikachu.json::pikachu-cosplay-3::003 | B85: 사용 | C85: =IF(OR(B85<>AK85,M85<>L85,O85<>"",Q85<>"",V85<>1,Y85<>"",AT85<>""),"수정","원본") | D85: 25 | E85: 피카츄 | F85: pikachu | G85: pikachu cosplay=belle | H85: cosplay=belle | I85: 1 | K85: 1 | L85: cobbleventure:generation_1 | M85: cobbleventure:generation_1 | P85: minecraft:sunflower_plains | R85: =IF(Q85="",P85,Q85) | T85: rare | U85: 2.3 | V85: 1 | W85: =IF(OR(U85="",V85=""),U85,U85*V85) | X85: 22-44 | Z85: =IF(Y85="",X85,Y85) | AA85: grounded | AE85: sky 8-15 | AJ85: COBBLEVERSE 수정 | AK85: 사용 | AL85: COBBLEVERSE 1.7.42 / DP v31 | AM85: data/cobblemon/spawn_pool_world/0025_pikachu.json | AN85: pikachu-cosplay-3 | AO85: pokemon | AP85: natural | AQ85: {"biomes":["minecraft:sunflower_plains"],"maxSkyLight":15,"minSkyLight":8}
A86: 0025_pikachu.json::pikachu-cosplay-4::004 | B86: 사용 | C86: =IF(OR(B86<>AK86,M86<>L86,O86<>"",Q86<>"",V86<>1,Y86<>"",AT86<>""),"수정","원본") | D86: 25 | E86: 피카츄 | F86: pikachu | G86: pikachu cosplay=libre | H86: cosplay=libre | I86: 1 | K86: 1 | L86: cobbleventure:generation_1 | M86: cobbleventure:generation_1 | P86: #minecraft:is_savanna | R86: =IF(Q86="",P86,Q86) | T86: rare | U86: 2.3 | V86: 1 | W86: =IF(OR(U86="",V86=""),U86,U86*V86) | X86: 22-44 | Z86: =IF(Y86="",X86,Y86) | AA86: grounded | AE86: sky 8-15 | AJ86: COBBLEVERSE 수정 | AK86: 사용 | AL86: COBBLEVERSE 1.7.42 / DP v31 | AM86: data/cobblemon/spawn_pool_world/0025_pikachu.json | AN86: pikachu-cosplay-4 | AO86: pokemon | AP86: natural | AQ86: {"biomes":["#minecraft:is_savanna"],"maxSkyLight":15,"minSkyLight":8}
A87: 0025_pikachu.json::pikachu-cosplay-5::005 | B87: 사용 | C87: =IF(OR(B87<>AK87,M87<>L87,O87<>"",Q87<>"",V87<>1,Y87<>"",AT87<>""),"수정","원본") | D87: 25 | E87: 피카츄 | F87: pikachu | G87: pikachu cosplay=phd | H87: cosplay=phd | I87: 1 | K87: 1 | L87: cobbleventure:generation_1 | M87: cobbleventure:generation_1 | P87: #minecraft:is_jungle | R87: =IF(Q87="",P87,Q87) | T87: rare | U87: 2.3 | V87: 1 | W87: =IF(OR(U87="",V87=""),U87,U87*V87) | X87: 22-44 | Z87: =IF(Y87="",X87,Y87) | AA87: grounded | AE87: sky 8-15 | AJ87: COBBLEVERSE 수정 | AK87: 사용 | AL87: COBBLEVERSE 1.7.42 / DP v31 | AM87: data/cobblemon/spawn_pool_world/0025_pikachu.json | AN87: pikachu-cosplay-5 | AO87: pokemon | AP87: natural | AQ87: {"biomes":["#minecraft:is_jungle"],"maxSkyLight":15,"minSkyLight":8}
A88: 0025_pikachu.json::pikachu-cosplay-6::006 | B88: 사용 | C88: =IF(OR(B88<>AK88,M88<>L88,O88<>"",Q88<>"",V88<>1,Y88<>"",AT88<>""),"수정","원본") | D88: 25 | E88: 피카츄 | F88: pikachu | G88: pikachu cosplay=pop_star | H88: cosplay=pop_star | I88: 1 | K88: 1 | L88: cobbleventure:generation_1 | M88: cobbleventure:generation_1 | P88: minecraft:cherry_grove | R88: =IF(Q88="",P88,Q88) | T88: rare | U88: 2.3 | V88: 1 | W88: =IF(OR(U88="",V88=""),U88,U88*V88) | X88: 22-44 | Z88: =IF(Y88="",X88,Y88) | AA88: grounded | AE88: sky 8-15 | AJ88: COBBLEVERSE 수정 | AK88: 사용 | AL88: COBBLEVERSE 1.7.42 / DP v31 | AM88: data/cobblemon/spawn_pool_world/0025_pikachu.json | AN88: pikachu-cosplay-6 | AO88: pokemon | AP88: natural | AQ88: {"biomes":["minecraft:cherry_grove"],"maxSkyLight":15,"minSkyLight":8}
A89: 0025_pikachu.json::pikachu-cosplay-7::007 | B89: 사용 | C89: =IF(OR(B89<>AK89,M89<>L89,O89<>"",Q89<>"",V89<>1,Y89<>"",AT89<>""),"수정","원본") | D89: 25 | E89: 피카츄 | F89: pikachu | G89: pikachu cosplay=rock_star | H89: cosplay=rock_star | I89: 1 | K89: 1 | L89: cobbleventure:generation_1 | M89: cobbleventure:generation_1 | P89: #minecraft:is_badlands | R89: =IF(Q89="",P89,Q89) | T89: rare | U89: 2.3 | V89: 1 | W89: =IF(OR(U89="",V89=""),U89,U89*V89) | X89: 22-44 | Z89: =IF(Y89="",X89,Y89) | AA89: grounded | AE89: sky 8-15 | AJ89: COBBLEVERSE 수정 | AK89: 사용 | AL89: COBBLEVERSE 1.7.42 / DP v31 | AM89: data/cobblemon/spawn_pool_world/0025_pikachu.json | AN89: pikachu-cosplay-7 | AO89: pokemon | AP89: natural | AQ89: {"biomes":["#minecraft:is_badlands"],"maxSkyLight":15,"minSkyLight":8}
A90: 0025_pikachu_cosmetic.json::pikachu-cosmetic::001 | B90: 사용 | C90: =IF(OR(B90<>AK90,M90<>L90,O90<>"",Q90<>"",V90<>1,Y90<>"",AT90<>""),"수정","원본") | D90: 25 | E90: 피카츄 | F90: pikachu | G90: pikachu cosplay=cosplay | H90: cosplay=cosplay | I90: 1 | K90: 1 | L90: cobbleventure:generation_1 | M90: cobbleventure:generation_1 | P90: cobbleverse:not_spawn | R90: =IF(Q90="",P90,Q90) | T90: uncommon | U90: 0 | V90: 1 | W90: =IF(OR(U90="",V90=""),U90,U90*V90) | X90: 1-10 | Z90: =IF(Y90="",X90,Y90) | AA90: grounded | AJ90: COBBLEVERSE 추가 | AK90: 사용 | AL90: COBBLEVERSE 1.7.42 / DP v31 | AM90: data/cobblemon/spawn_pool_world/0025_pikachu_cosmetic.json | AN90: pikachu-cosmetic | AO90: pokemon | AQ90: {"biomes":["cobbleverse:not_spawn"]}
A91: 0026_raichu.json::raichu-1::001 | B91: 사용 | C91: =IF(OR(B91<>AK91,M91<>L91,O91<>"",Q91<>"",V91<>1,Y91<>"",AT91<>""),"수정","원본") | D91: 26 | E91: 라이츄 | F91: raichu | G91: raichu | I91: 1 | K91: 1 | L91: cobbleventure:generation_1 | M91: cobbleventure:generation_1 | N91: region_01 | P91: #cobblemon:is_forest | R91: =IF(Q91="",P91,Q91) | S91: #cobblemon:is_spooky | T91: uncommon | U91: 0.048 | V91: 1 | W91: =IF(OR(U91="",V91=""),U91,U91*V91) | X91: 27-49 | Z91: =IF(Y91="",X91,Y91) | AA91: grounded | AE91: sky 8-15 | AJ91: Cobblemon 동일 | AK91: 사용 | AL91: COBBLEVERSE 1.7.42 / DP v31 | AM91: data/cobblemon/spawn_pool_world/0026_raichu.json | AN91: raichu-1 | AO91: pokemon | AP91: natural | AQ91: {"biomes":["#cobblemon:is_forest"],"maxSkyLight":15,"minSkyLight":8} | AR91: {"biomes":["#cobblemon:is_spooky"]} | AS91: {"weightMultiplier":{"condition":{"isThundering":true},"multiplier":5.0}}
A92: 0026_raichu.json::raichu-alolan-2::002 | B92: 사용 | C92: =IF(OR(B92<>AK92,M92<>L92,O92<>"",Q92<>"",V92<>1,Y92<>"",AT92<>""),"수정","원본") | D92: 26 | E92: 라이츄 | F92: raichu | G92: raichu alolan | H92: alolan | I92: 1 | J92: 7 | K92: 7 | L92: cobbleventure:generation_7 | M92: cobbleventure:generation_7 | P92: #cobblemon:is_beach; aether:skyroot_forest; aether:skyroot_woodland; #cobblemon:is_tropical_island | R92: =IF(Q92="",P92,Q92) | S92: #cobblemon:is_freezing | T92: uncommon | U92: 0.016 | V92: 1 | W92: =IF(OR(U92="",V92=""),U92,U92*V92) | X92: 27-49 | Z92: =IF(Y92="",X92,Y92) | AA92: grounded | AE92: sky 8-15 | AJ92: Cobblemon 동일 | AK92: 사용 | AL92: COBBLEVERSE 1.7.42 / DP v31 | AM92: data/cobblemon/spawn_pool_world/0026_raichu.json | AN92: raichu-alolan-2 | AO92: pokemon | AP92: natural | AQ92: {"biomes":["#cobblemon:is_beach","aether:skyroot_forest","aether:skyroot_woodland","#cobblemon:is_tropical_island"],"maxSkyLight":15,"minSkyLight":8} | AR92: {"biomes":["#cobblemon:is_freezing"]} | AS92: {"weightMultiplier":{"condition":{"isThundering":true},"multiplier":5.0}}
A93: 0027_sandshrew.json::sandshrew-1::001 | B93: 사용 | C93: =IF(OR(B93<>AK93,M93<>L93,O93<>"",Q93<>"",V93<>1,Y93<>"",AT93<>""),"수정","원본") | D93: 27 | E93: 모래두지 | F93: sandshrew | G93: sandshrew | I93: 1 | K93: 1 | L93: cobbleventure:generation_1 | M93: cobbleventure:generation_1 | N93: region_02 | P93: #cobblemon:is_desert | R93: =IF(Q93="",P93,Q93) | T93: common | U93: 7 | V93: 1 | W93: =IF(OR(U93="",V93=""),U93,U93*V93) | X93: 5-30 | Z93: =IF(Y93="",X93,Y93) | AA93: grounded | AJ93: COBBLEVERSE 수정 | AK93: 사용 | AL93: COBBLEVERSE 1.7.42 / DP v31 | AM93: data/cobblemon/spawn_pool_world/0027_sandshrew.json | AN93: sandshrew-1 | AO93: pokemon | AP93: natural | AQ93: {"biomes":["#cobblemon:is_desert"]}
A94: 0027_sandshrew.json::sandshrew-alolan-2::002 | B94: 사용 | C94: =IF(OR(B94<>AK94,M94<>L94,O94<>"",Q94<>"",V94<>1,Y94<>"",AT94<>""),"수정","원본") | D94: 27 | E94: 모래두지 | F94: sandshrew | G94: sandshrew alolan | H94: alolan | I94: 1 | J94: 7 | K94: 7 | L94: cobbleventure:generation_7 | M94: cobbleventure:generation_7 | P94: #cobblemon:is_glacial | R94: =IF(Q94="",P94,Q94) | T94: uncommon | U94: 7 | V94: 1 | W94: =IF(OR(U94="",V94=""),U94,U94*V94) | X94: 15-32 | Z94: =IF(Y94="",X94,Y94) | AI94: {"spawn":{"context":"grounded"}} | AJ94: COBBLEVERSE 수정 | AK94: 사용 | AL94: COBBLEVERSE 1.7.42 / DP v31 | AM94: data/cobblemon/spawn_pool_world/0027_sandshrew.json | AN94: sandshrew-alolan-2 | AO94: pokemon | AP94: natural | AQ94: {"biomes":["#cobblemon:is_glacial"]}
A95: 0028_sandslash.json::sandslash-1::001 | B95: 사용 | C95: =IF(OR(B95<>AK95,M95<>L95,O95<>"",Q95<>"",V95<>1,Y95<>"",AT95<>""),"수정","원본") | D95: 28 | E95: 고지 | F95: sandslash | G95: sandslash | I95: 1 | K95: 1 | L95: cobbleventure:generation_1 | M95: cobbleventure:generation_1 | N95: region_02 | P95: #cobblemon:is_desert | R95: =IF(Q95="",P95,Q95) | T95: common | U95: 1.8 | V95: 1 | W95: =IF(OR(U95="",V95=""),U95,U95*V95) | X95: 22-47 | Z95: =IF(Y95="",X95,Y95) | AA95: grounded | AJ95: COBBLEVERSE 수정 | AK95: 사용 | AL95: COBBLEVERSE 1.7.42 / DP v31 | AM95: data/cobblemon/spawn_pool_world/0028_sandslash.json | AN95: sandslash-1 | AO95: pokemon | AP95: natural | AQ95: {"biomes":["#cobblemon:is_desert"]}
A96: 0028_sandslash.json::sandslash-alolan-2::002 | B96: 사용 | C96: =IF(OR(B96<>AK96,M96<>L96,O96<>"",Q96<>"",V96<>1,Y96<>"",AT96<>""),"수정","원본") | D96: 28 | E96: 고지 | F96: sandslash | G96: sandslash alolan | H96: alolan | I96: 1 | J96: 7 | K96: 7 | L96: cobbleventure:generation_7 | M96: cobbleventure:generation_7 | P96: #cobblemon:is_glacial | R96: =IF(Q96="",P96,Q96) | T96: uncommon | U96: 1.8 | V96: 1 | W96: =IF(OR(U96="",V96=""),U96,U96*V96) | X96: 24-55 | Z96: =IF(Y96="",X96,Y96) | AA96: grounded | AJ96: COBBLEVERSE 수정 | AK96: 사용 | AL96: COBBLEVERSE 1.7.42 / DP v31 | AM96: data/cobblemon/spawn_pool_world/0028_sandslash.json | AN96: sandslash-alolan-2 | AO96: pokemon | AP96: natural | AQ96: {"biomes":["#cobblemon:is_glacial"]}
A97: 0029_nidoranf.json::nidoranf-1::001 | B97: 사용 | C97: =IF(OR(B97<>AK97,M97<>L97,O97<>"",Q97<>"",V97<>1,Y97<>"",AT97<>""),"수정","원본") | D97: 29 | E97: 니드런 | F97: nidoranf | G97: nidoranf | I97: 1 | K97: 1 | L97: cobbleventure:generation_1 | M97: cobbleventure:generation_1 | P97: #cobblemon:is_savanna | R97: =IF(Q97="",P97,Q97) | T97: uncommon | U97: 8.4 | V97: 1 | W97: =IF(OR(U97="",V97=""),U97,U97*V97) | X97: 3-28 | Z97: =IF(Y97="",X97,Y97) | AA97: grounded | AE97: sky 8-15 | AJ97: Cobblemon 동일 | AK97: 사용 | AL97: COBBLEVERSE 1.7.42 / DP v31 | AM97: data/cobblemon/spawn_pool_world/0029_nidoranf.json | AN97: nidoranf-1 | AO97: pokemon | AP97: natural; wild | AQ97: {"biomes":["#cobblemon:is_savanna"],"maxSkyLight":15,"minSkyLight":8}
A98: 0030_nidorina.json::nidorina-1::001 | B98: 사용 | C98: =IF(OR(B98<>AK98,M98<>L98,O98<>"",Q98<>"",V98<>1,Y98<>"",AT98<>""),"수정","원본") | D98: 30 | E98: 니드리나 | F98: nidorina | G98: nidorina | I98: 1 | K98: 1 | L98: cobbleventure:generation_1 | M98: cobbleventure:generation_1 | P98: #cobblemon:is_savanna | R98: =IF(Q98="",P98,Q98) | T98: uncommon | U98: 1.52 | V98: 1 | W98: =IF(OR(U98="",V98=""),U98,U98*V98) | X98: 16-37 | Z98: =IF(Y98="",X98,Y98) | AA98: grounded | AE98: sky 8-15 | AJ98: Cobblemon 동일 | AK98: 사용 | AL98: COBBLEVERSE 1.7.42 / DP v31 | AM98: data/cobblemon/spawn_pool_world/0030_nidorina.json | AN98: nidorina-1 | AO98: pokemon | AP98: natural; wild | AQ98: {"biomes":["#cobblemon:is_savanna"],"maxSkyLight":15,"minSkyLight":8}
A99: 0031_nidoqueen.json::nidoqueen-1::001 | B99: 사용 | C99: =IF(OR(B99<>AK99,M99<>L99,O99<>"",Q99<>"",V99<>1,Y99<>"",AT99<>""),"수정","원본") | D99: 31 | E99: 니드퀸 | F99: nidoqueen | G99: nidoqueen | I99: 1 | K99: 1 | L99: cobbleventure:generation_1 | M99: cobbleventure:generation_1 | P99: #cobblemon:is_savanna | R99: =IF(Q99="",P99,Q99) | T99: uncommon | U99: 0.08 | V99: 1 | W99: =IF(OR(U99="",V99=""),U99,U99*V99) | X99: 37-51 | Z99: =IF(Y99="",X99,Y99) | AA99: grounded | AE99: sky 8-15 | AJ99: Cobblemon 동일 | AK99: 사용 | AL99: COBBLEVERSE 1.7.42 / DP v31 | AM99: data/cobblemon/spawn_pool_world/0031_nidoqueen.json | AN99: nidoqueen-1 | AO99: pokemon | AP99: natural; wild | AQ99: {"biomes":["#cobblemon:is_savanna"],"maxSkyLight":15,"minSkyLight":8}
A100: 0032_nidoranm.json::nidoranm-1::001 | B100: 사용 | C100: =IF(OR(B100<>AK100,M100<>L100,O100<>"",Q100<>"",V100<>1,Y100<>"",AT100<>""),"수정","원본") | D100: 32 | E100: 니드런 | F100: nidoranm | G100: nidoranm | I100: 1 | K100: 1 | L100: cobbleventure:generation_1 | M100: cobbleventure:generation_1 | P100: #cobblemon:is_savanna | R100: =IF(Q100="",P100,Q100) | T100: uncommon | U100: 8.4 | V100: 1 | W100: =IF(OR(U100="",V100=""),U100,U100*V100) | X100: 3-28 | Z100: =IF(Y100="",X100,Y100) | AA100: grounded | AE100: sky 8-15 | AJ100: Cobblemon 동일 | AK100: 사용 | AL100: COBBLEVERSE 1.7.42 / DP v31 | AM100: data/cobblemon/spawn_pool_world/0032_nidoranm.json | AN100: nidoranm-1 | AO100: pokemon | AP100: natural; wild | AQ100: {"biomes":["#cobblemon:is_savanna"],"maxSkyLight":15,"minSkyLight":8}
A101: 0033_nidorino.json::nidorino-1::001 | B101: 사용 | C101: =IF(OR(B101<>AK101,M101<>L101,O101<>"",Q101<>"",V101<>1,Y101<>"",AT101<>""),"수정","원본") | D101: 33 | E101: 니드리노 | F101: nidorino | G101: nidorino | I101: 1 | K101: 1 | L101: cobbleventure:generation_1 | M101: cobbleventure:generation_1 | P101: #cobblemon:is_savanna | R101: =IF(Q101="",P101,Q101) | T101: uncommon | U101: 1.52 | V101: 1 | W101: =IF(OR(U101="",V101=""),U101,U101*V101) | X101: 16-37 | Z101: =IF(Y101="",X101,Y101) | AA101: grounded | AE101: sky 8-15 | AJ101: Cobblemon 동일 | AK101: 사용 | AL101: COBBLEVERSE 1.7.42 / DP v31 | AM101: data/cobblemon/spawn_pool_world/0033_nidorino.json | AN101: nidorino-1 | AO101: pokemon | AP101: natural; wild | AQ101: {"biomes":["#cobblemon:is_savanna"],"maxSkyLight":15,"minSkyLight":8}
...

Sheet 포켓몬_요약
A1: 포켓몬 1,025종 구현·자연 스폰 요약
A2: Cobblemon 구현 여부와 COBBLEVERSE 자연 스폰 보완 여부를 분리했습니다. 자연 스폰 파일이 없는 8종은 진화·복원 등 별도 획득 대상일 수 있습니다.
A4: 덱스번호 | B4: 한글명 | C4: 영문ID | D4: 영문명 | E4: 기본세대 | F4: Cobblemon세대폴더 | G4: 타입1 | H4: 타입2 | I4: Cobblemon구현 | J4: Cobblemon스폰파일 | K4: COBBLEVERSE스폰파일 | L4: 원본상태 | M4: 전체스폰수 | N4: 사용스폰수 | O4: 원본바이옴수 | P4: 원본바이옴목록 | Q4: 희귀도 | R4: 지역후보 | S4: 기본차원 | T4: 자연스폰상태 | U4: 비고
A5: 1 | B5: 이상해씨 | C5: bulbasaur | D5: Bulbasaur | E5: 1 | F5: generation1 | G5: grass | H5: poison | I5: 예 | J5: 예 | K5: 예 | L5: Cobblemon 동일 | M5: =COUNTIF('스폰_편집'!$D$5:$D$3125,A5) | N5: =COUNTIFS('스폰_편집'!$D$5:$D$3125,A5,'스폰_편집'!$B$5:$B$3125,"사용") | O5: 2 | P5: #cobblemon:is_jungle; #cobblemon:is_tropical_island | Q5: ultra-rare | S5: cobbleventure:generation_1 | T5: =IF(M5=0,"없음",IF(N5=0,"전부 제외","사용"))
A6: 2 | B6: 이상해풀 | C6: ivysaur | D6: Ivysaur | E6: 1 | F6: generation1 | G6: grass | H6: poison | I6: 예 | J6: 예 | K6: 예 | L6: Cobblemon 동일 | M6: =COUNTIF('스폰_편집'!$D$5:$D$3125,A6) | N6: =COUNTIFS('스폰_편집'!$D$5:$D$3125,A6,'스폰_편집'!$B$5:$B$3125,"사용") | O6: 2 | P6: #cobblemon:is_jungle; #cobblemon:is_tropical_island | Q6: ultra-rare | S6: cobbleventure:generation_1 | T6: =IF(M6=0,"없음",IF(N6=0,"전부 제외","사용"))
A7: 3 | B7: 이상해꽃 | C7: venusaur | D7: Venusaur | E7: 1 | F7: generation1 | G7: grass | H7: poison | I7: 예 | J7: 예 | K7: 예 | L7: Cobblemon 동일 | M7: =COUNTIF('스폰_편집'!$D$5:$D$3125,A7) | N7: =COUNTIFS('스폰_편집'!$D$5:$D$3125,A7,'스폰_편집'!$B$5:$B$3125,"사용") | O7: 2 | P7: #cobblemon:is_jungle; #cobblemon:is_tropical_island | Q7: ultra-rare | S7: cobbleventure:generation_1 | T7: =IF(M7=0,"없음",IF(N7=0,"전부 제외","사용"))
A8: 4 | B8: 파이리 | C8: charmander | D8: Charmander | E8: 1 | F8: generation1 | G8: fire | I8: 예 | J8: 예 | K8: 예 | L8: Cobblemon 동일 | M8: =COUNTIF('스폰_편집'!$D$5:$D$3125,A8) | N8: =COUNTIFS('스폰_편집'!$D$5:$D$3125,A8,'스폰_편집'!$B$5:$B$3125,"사용") | O8: 3 | P8: #cobblemon:is_hills; #cobblemon:is_volcanic; #cobblemon:nether/is_basalt | Q8: ultra-rare | S8: cobbleventure:generation_1 | T8: =IF(M8=0,"없음",IF(N8=0,"전부 제외","사용"))
A9: 5 | B9: 리자드 | C9: charmeleon | D9: Charmeleon | E9: 1 | F9: generation1 | G9: fire | I9: 예 | J9: 예 | K9: 예 | L9: Cobblemon 동일 | M9: =COUNTIF('스폰_편집'!$D$5:$D$3125,A9) | N9: =COUNTIFS('스폰_편집'!$D$5:$D$3125,A9,'스폰_편집'!$B$5:$B$3125,"사용") | O9: 3 | P9: #cobblemon:is_hills; #cobblemon:is_volcanic; #cobblemon:nether/is_basalt | Q9: ultra-rare | S9: cobbleventure:generation_1 | T9: =IF(M9=0,"없음",IF(N9=0,"전부 제외","사용"))
A10: 6 | B10: 리자몽 | C10: charizard | D10: Charizard | E10: 1 | F10: generation1 | G10: fire | H10: flying | I10: 예 | J10: 예 | K10: 예 | L10: Cobblemon 동일 | M10: =COUNTIF('스폰_편집'!$D$5:$D$3125,A10) | N10: =COUNTIFS('스폰_편집'!$D$5:$D$3125,A10,'스폰_편집'!$B$5:$B$3125,"사용") | O10: 3 | P10: #cobblemon:is_hills; #cobblemon:is_volcanic; #cobblemon:nether/is_basalt | Q10: ultra-rare | S10: cobbleventure:generation_1 | T10: =IF(M10=0,"없음",IF(N10=0,"전부 제외","사용"))
A11: 7 | B11: 꼬부기 | C11: squirtle | D11: Squirtle | E11: 1 | F11: generation1 | G11: water | I11: 예 | J11: 예 | K11: 예 | L11: Cobblemon 동일 | M11: =COUNTIF('스폰_편집'!$D$5:$D$3125,A11) | N11: =COUNTIFS('스폰_편집'!$D$5:$D$3125,A11,'스폰_편집'!$B$5:$B$3125,"사용") | O11: 5 | P11: #cobblemon:is_freshwater; #cobblemon:is_hills; #cobblemon:is_jungle; #cobblemon:is_temperate; #cobblemon:is_tropical_island | Q11: ultra-rare | R11: region_01; region_02 | S11: cobbleventure:generation_1 | T11: =IF(M11=0,"없음",IF(N11=0,"전부 제외","사용"))
A12: 8 | B12: 어니부기 | C12: wartortle | D12: Wartortle | E12: 1 | F12: generation1 | G12: water | I12: 예 | J12: 예 | K12: 예 | L12: Cobblemon 동일 | M12: =COUNTIF('스폰_편집'!$D$5:$D$3125,A12) | N12: =COUNTIFS('스폰_편집'!$D$5:$D$3125,A12,'스폰_편집'!$B$5:$B$3125,"사용") | O12: 5 | P12: #cobblemon:is_freshwater; #cobblemon:is_hills; #cobblemon:is_jungle; #cobblemon:is_temperate; #cobblemon:is_tropical_island | Q12: ultra-rare | R12: region_01; region_02 | S12: cobbleventure:generation_1 | T12: =IF(M12=0,"없음",IF(N12=0,"전부 제외","사용"))
A13: 9 | B13: 거북왕 | C13: blastoise | D13: Blastoise | E13: 1 | F13: generation1 | G13: water | I13: 예 | J13: 예 | K13: 예 | L13: Cobblemon 동일 | M13: =COUNTIF('스폰_편집'!$D$5:$D$3125,A13) | N13: =COUNTIFS('스폰_편집'!$D$5:$D$3125,A13,'스폰_편집'!$B$5:$B$3125,"사용") | O13: 5 | P13: #cobblemon:is_freshwater; #cobblemon:is_hills; #cobblemon:is_jungle; #cobblemon:is_temperate; #cobblemon:is_tropical_island | Q13: ultra-rare | R13: region_01; region_02 | S13: cobbleventure:generation_1 | T13: =IF(M13=0,"없음",IF(N13=0,"전부 제외","사용"))
A14: 10 | B14: 캐터피 | C14: caterpie | D14: Caterpie | E14: 1 | F14: generation1 | G14: bug | I14: 예 | J14: 예 | K14: 예 | L14: Cobblemon 동일 | M14: =COUNTIF('스폰_편집'!$D$5:$D$3125,A14) | N14: =COUNTIFS('스폰_편집'!$D$5:$D$3125,A14,'스폰_편집'!$B$5:$B$3125,"사용") | O14: 7 | P14: #cobblemon:is_forest; #cobblemon:is_jungle; #cobblemon:is_plains; #cobblemon:is_tropical_island; aether:skyroot_forest; aether:skyroot_woodland; the_bumblezone:floral_meadow | Q14: common | R14: region_01 | S14: cobbleventure:generation_1 | T14: =IF(M14=0,"없음",IF(N14=0,"전부 제외","사용"))
A15: 11 | B15: 단데기 | C15: metapod | D15: Metapod | E15: 1 | F15: generation1 | G15: bug | I15: 예 | J15: 예 | K15: 예 | L15: Cobblemon 동일 | M15: =COUNTIF('스폰_편집'!$D$5:$D$3125,A15) | N15: =COUNTIFS('스폰_편집'!$D$5:$D$3125,A15,'스폰_편집'!$B$5:$B$3125,"사용") | O15: 7 | P15: #cobblemon:is_forest; #cobblemon:is_jungle; #cobblemon:is_plains; #cobblemon:is_tropical_island; aether:skyroot_forest; aether:skyroot_woodland; the_bumblezone:floral_meadow | Q15: common | R15: region_01 | S15: cobbleventure:generation_1 | T15: =IF(M15=0,"없음",IF(N15=0,"전부 제외","사용"))
A16: 12 | B16: 버터플 | C16: butterfree | D16: Butterfree | E16: 1 | F16: generation1 | G16: bug | H16: flying | I16: 예 | J16: 예 | K16: 예 | L16: Cobblemon 동일 | M16: =COUNTIF('스폰_편집'!$D$5:$D$3125,A16) | N16: =COUNTIFS('스폰_편집'!$D$5:$D$3125,A16,'스폰_편집'!$B$5:$B$3125,"사용") | O16: 6 | P16: #aether:is_aether; #cobblemon:is_floral; #cobblemon:is_jungle; #cobblemon:is_temperate; #cobblemon:is_tropical_island; the_bumblezone:floral_meadow | Q16: common | R16: region_01 | S16: cobbleventure:generation_1 | T16: =IF(M16=0,"없음",IF(N16=0,"전부 제외","사용"))
A17: 13 | B17: 뿔충이 | C17: weedle | D17: Weedle | E17: 1 | F17: generation1 | G17: bug | H17: poison | I17: 예 | J17: 예 | K17: 예 | L17: Cobblemon 동일 | M17: =COUNTIF('스폰_편집'!$D$5:$D$3125,A17) | N17: =COUNTIFS('스폰_편집'!$D$5:$D$3125,A17,'스폰_편집'!$B$5:$B$3125,"사용") | O17: 5 | P17: #cobblemon:is_forest; #cobblemon:is_jungle; #the_bumblezone:the_bumblezone; aether:skyroot_forest; aether:skyroot_woodland | Q17: common | R17: region_01 | S17: cobbleventure:generation_1 | T17: =IF(M17=0,"없음",IF(N17=0,"전부 제외","사용"))
A18: 14 | B18: 딱충이 | C18: kakuna | D18: Kakuna | E18: 1 | F18: generation1 | G18: bug | H18: poison | I18: 예 | J18: 예 | K18: 예 | L18: Cobblemon 동일 | M18: =COUNTIF('스폰_편집'!$D$5:$D$3125,A18) | N18: =COUNTIFS('스폰_편집'!$D$5:$D$3125,A18,'스폰_편집'!$B$5:$B$3125,"사용") | O18: 5 | P18: #cobblemon:is_forest; #cobblemon:is_jungle; #the_bumblezone:the_bumblezone; aether:skyroot_forest; aether:skyroot_woodland | Q18: common | R18: region_01 | S18: cobbleventure:generation_1 | T18: =IF(M18=0,"없음",IF(N18=0,"전부 제외","사용"))
A19: 15 | B19: 독침붕 | C19: beedrill | D19: Beedrill | E19: 1 | F19: generation1 | G19: bug | H19: poison | I19: 예 | J19: 예 | K19: 예 | L19: Cobblemon 동일 | M19: =COUNTIF('스폰_편집'!$D$5:$D$3125,A19) | N19: =COUNTIFS('스폰_편집'!$D$5:$D$3125,A19,'스폰_편집'!$B$5:$B$3125,"사용") | O19: 5 | P19: #cobblemon:is_forest; #cobblemon:is_jungle; #the_bumblezone:the_bumblezone; aether:skyroot_forest; aether:skyroot_woodland | Q19: common | R19: region_01 | S19: cobbleventure:generation_1 | T19: =IF(M19=0,"없음",IF(N19=0,"전부 제외","사용"))
A20: 16 | B20: 구구 | C20: pidgey | D20: Pidgey | E20: 1 | F20: generation1 | G20: normal | H20: flying | I20: 예 | J20: 예 | K20: 예 | L20: Cobblemon 동일 | M20: =COUNTIF('스폰_편집'!$D$5:$D$3125,A20) | N20: =COUNTIFS('스폰_편집'!$D$5:$D$3125,A20,'스폰_편집'!$B$5:$B$3125,"사용") | O20: 4 | P20: #cobblemon:is_sky; #cobblemon:is_temperate; aether:skyroot_forest; aether:skyroot_woodland | Q20: common | R20: region_01 | S20: cobbleventure:generation_1 | T20: =IF(M20=0,"없음",IF(N20=0,"전부 제외","사용"))
A21: 17 | B21: 피죤 | C21: pidgeotto | D21: Pidgeotto | E21: 1 | F21: generation1 | G21: normal | H21: flying | I21: 예 | J21: 예 | K21: 예 | L21: Cobblemon 동일 | M21: =COUNTIF('스폰_편집'!$D$5:$D$3125,A21) | N21: =COUNTIFS('스폰_편집'!$D$5:$D$3125,A21,'스폰_편집'!$B$5:$B$3125,"사용") | O21: 4 | P21: #cobblemon:is_sky; #cobblemon:is_temperate; aether:skyroot_forest; aether:skyroot_woodland | Q21: common | R21: region_01 | S21: cobbleventure:generation_1 | T21: =IF(M21=0,"없음",IF(N21=0,"전부 제외","사용"))
A22: 18 | B22: 피죤투 | C22: pidgeot | D22: Pidgeot | E22: 1 | F22: generation1 | G22: normal | H22: flying | I22: 예 | J22: 예 | K22: 예 | L22: Cobblemon 동일 | M22: =COUNTIF('스폰_편집'!$D$5:$D$3125,A22) | N22: =COUNTIFS('스폰_편집'!$D$5:$D$3125,A22,'스폰_편집'!$B$5:$B$3125,"사용") | O22: 4 | P22: #cobblemon:is_sky; #cobblemon:is_temperate; aether:skyroot_forest; aether:skyroot_woodland | Q22: common | R22: region_01 | S22: cobbleventure:generation_1 | T22: =IF(M22=0,"없음",IF(N22=0,"전부 제외","사용"))
A23: 19 | B23: 꼬렛 | C23: rattata | D23: Rattata | E23: 1 | F23: generation1 | G23: normal | I23: 예 | J23: 예 | K23: 예 | L23: Cobblemon 동일 | M23: =COUNTIF('스폰_편집'!$D$5:$D$3125,A23) | N23: =COUNTIFS('스폰_편집'!$D$5:$D$3125,A23,'스폰_편집'!$B$5:$B$3125,"사용") | O23: 3 | P23: #cobblemon:is_grassland; #cobblemon:is_overworld; #cobblemon:is_spooky | Q23: common; uncommon | R23: region_01; region_02 | S23: cobbleventure:generation_1 | T23: =IF(M23=0,"없음",IF(N23=0,"전부 제외","사용"))
A24: 20 | B24: 레트라 | C24: raticate | D24: Raticate | E24: 1 | F24: generation1 | G24: normal | I24: 예 | J24: 예 | K24: 예 | L24: Cobblemon 동일 | M24: =COUNTIF('스폰_편집'!$D$5:$D$3125,A24) | N24: =COUNTIFS('스폰_편집'!$D$5:$D$3125,A24,'스폰_편집'!$B$5:$B$3125,"사용") | O24: 3 | P24: #cobblemon:is_grassland; #cobblemon:is_overworld; #cobblemon:is_spooky | Q24: common; uncommon | R24: region_01; region_02 | S24: cobbleventure:generation_1 | T24: =IF(M24=0,"없음",IF(N24=0,"전부 제외","사용"))
A25: 21 | B25: 깨비참 | C25: spearow | D25: Spearow | E25: 1 | F25: generation1 | G25: normal | H25: flying | I25: 예 | J25: 예 | K25: 예 | L25: Cobblemon 동일 | M25: =COUNTIF('스폰_편집'!$D$5:$D$3125,A25) | N25: =COUNTIFS('스폰_편집'!$D$5:$D$3125,A25,'스폰_편집'!$B$5:$B$3125,"사용") | O25: 3 | P25: #cobblemon:is_badlands; #cobblemon:is_savanna; #cobblemon:is_sky | Q25: common | S25: cobbleventure:generation_1 | T25: =IF(M25=0,"없음",IF(N25=0,"전부 제외","사용"))
A26: 22 | B26: 깨비드릴조 | C26: fearow | D26: Fearow | E26: 1 | F26: generation1 | G26: normal | H26: flying | I26: 예 | J26: 예 | K26: 예 | L26: Cobblemon 동일 | M26: =COUNTIF('스폰_편집'!$D$5:$D$3125,A26) | N26: =COUNTIFS('스폰_편집'!$D$5:$D$3125,A26,'스폰_편집'!$B$5:$B$3125,"사용") | O26: 3 | P26: #cobblemon:is_badlands; #cobblemon:is_savanna; #cobblemon:is_sky | Q26: common | S26: cobbleventure:generation_1 | T26: =IF(M26=0,"없음",IF(N26=0,"전부 제외","사용"))
A27: 23 | B27: 아보 | C27: ekans | D27: Ekans | E27: 1 | F27: generation1 | G27: poison | I27: 예 | J27: 예 | K27: 예 | L27: COBBLEVERSE 수정 | M27: =COUNTIF('스폰_편집'!$D$5:$D$3125,A27) | N27: =COUNTIFS('스폰_편집'!$D$5:$D$3125,A27,'스폰_편집'!$B$5:$B$3125,"사용") | O27: 2 | P27: #cobblemon:is_arid; minecraft:deep_dark | Q27: common | R27: region_02 | S27: cobbleventure:generation_1 | T27: =IF(M27=0,"없음",IF(N27=0,"전부 제외","사용"))
A28: 24 | B28: 아보크 | C28: arbok | D28: Arbok | E28: 1 | F28: generation1 | G28: poison | I28: 예 | J28: 예 | K28: 예 | L28: COBBLEVERSE 수정 | M28: =COUNTIF('스폰_편집'!$D$5:$D$3125,A28) | N28: =COUNTIFS('스폰_편집'!$D$5:$D$3125,A28,'스폰_편집'!$B$5:$B$3125,"사용") | O28: 2 | P28: #cobblemon:is_arid; minecraft:deep_dark | Q28: common | R28: region_02 | S28: cobbleventure:generation_1 | T28: =IF(M28=0,"없음",IF(N28=0,"전부 제외","사용"))
A29: 25 | B29: 피카츄 | C29: pikachu | D29: Pikachu | E29: 1 | F29: generation1 | G29: electric | I29: 예 | J29: 예 | K29: 예 | L29: COBBLEVERSE 수정 | M29: =COUNTIF('스폰_편집'!$D$5:$D$3125,A29) | N29: =COUNTIFS('스폰_편집'!$D$5:$D$3125,A29,'스폰_편집'!$B$5:$B$3125,"사용") | O29: 9 | P29: #cobblemon:is_beach; #cobblemon:is_forest; #cobblemon:is_tropical_island; #minecraft:is_badlands; #minecraft:is_jungle; #minecraft:is_savanna; cobbleverse:not_spawn; minecraft:cherry_grove; minecraft:sunflower_plains | Q29: rare; uncommon | R29: region_01 | S29: cobbleventure:generation_1 | T29: =IF(M29=0,"없음",IF(N29=0,"전부 제외","사용"))
A30: 26 | B30: 라이츄 | C30: raichu | D30: Raichu | E30: 1 | F30: generation1 | G30: electric | I30: 예 | J30: 예 | K30: 예 | L30: Cobblemon 동일 | M30: =COUNTIF('스폰_편집'!$D$5:$D$3125,A30) | N30: =COUNTIFS('스폰_편집'!$D$5:$D$3125,A30,'스폰_편집'!$B$5:$B$3125,"사용") | O30: 5 | P30: #cobblemon:is_beach; #cobblemon:is_forest; #cobblemon:is_tropical_island; aether:skyroot_forest; aether:skyroot_woodland | Q30: uncommon | R30: region_01 | S30: cobbleventure:generation_1 | T30: =IF(M30=0,"없음",IF(N30=0,"전부 제외","사용"))
A31: 27 | B31: 모래두지 | C31: sandshrew | D31: Sandshrew | E31: 1 | F31: generation1 | G31: ground | I31: 예 | J31: 예 | K31: 예 | L31: COBBLEVERSE 수정 | M31: =COUNTIF('스폰_편집'!$D$5:$D$3125,A31) | N31: =COUNTIFS('스폰_편집'!$D$5:$D$3125,A31,'스폰_편집'!$B$5:$B$3125,"사용") | O31: 2 | P31: #cobblemon:is_desert; #cobblemon:is_glacial | Q31: common; uncommon | R31: region_02 | S31: cobbleventure:generation_1 | T31: =IF(M31=0,"없음",IF(N31=0,"전부 제외","사용"))
A32: 28 | B32: 고지 | C32: sandslash | D32: Sandslash | E32: 1 | F32: generation1 | G32: ground | I32: 예 | J32: 예 | K32: 예 | L32: COBBLEVERSE 수정 | M32: =COUNTIF('스폰_편집'!$D$5:$D$3125,A32) | N32: =COUNTIFS('스폰_편집'!$D$5:$D$3125,A32,'스폰_편집'!$B$5:$B$3125,"사용") | O32: 2 | P32: #cobblemon:is_desert; #cobblemon:is_glacial | Q32: common; uncommon | R32: region_02 | S32: cobbleventure:generation_1 | T32: =IF(M32=0,"없음",IF(N32=0,"전부 제외","사용"))
A33: 29 | B33: 니드런 | C33: nidoranf | D33: Nidoran♀ | E33: 1 | F33: generation1 | G33: poison | I33: 예 | J33: 예 | K33: 예 | L33: Cobblemon 동일 | M33: =COUNTIF('스폰_편집'!$D$5:$D$3125,A33) | N33: =COUNTIFS('스폰_편집'!$D$5:$D$3125,A33,'스폰_편집'!$B$5:$B$3125,"사용") | O33: 1 | P33: #cobblemon:is_savanna | Q33: uncommon | S33: cobbleventure:generation_1 | T33: =IF(M33=0,"없음",IF(N33=0,"전부 제외","사용"))
A34: 30 | B34: 니드리나 | C34: nidorina | D34: Nidorina | E34: 1 | F34: generation1 | G34: poison | I34: 예 | J34: 예 | K34: 예 | L34: Cobblemon 동일 | M34: =COUNTIF('스폰_편집'!$D$5:$D$3125,A34) | N34: =COUNTIFS('스폰_편집'!$D$5:$D$3125,A34,'스폰_편집'!$B$5:$B$3125,"사용") | O34: 1 | P34: #cobblemon:is_savanna | Q34: uncommon | S34: cobbleventure:generation_1 | T34: =IF(M34=0,"없음",IF(N34=0,"전부 제외","사용"))
A35: 31 | B35: 니드퀸 | C35: nidoqueen | D35: Nidoqueen | E35: 1 | F35: generation1 | G35: poison | H35: ground | I35: 예 | J35: 예 | K35: 예 | L35: Cobblemon 동일 | M35: =COUNTIF('스폰_편집'!$D$5:$D$3125,A35) | N35: =COUNTIFS('스폰_편집'!$D$5:$D$3125,A35,'스폰_편집'!$B$5:$B$3125,"사용") | O35: 1 | P35: #cobblemon:is_savanna | Q35: uncommon | S35: cobbleventure:generation_1 | T35: =IF(M35=0,"없음",IF(N35=0,"전부 제외","사용"))
A36: 32 | B36: 니드런 | C36: nidoranm | D36: Nidoran♂ | E36: 1 | F36: generation1 | G36: poison | I36: 예 | J36: 예 | K36: 예 | L36: Cobblemon 동일 | M36: =COUNTIF('스폰_편집'!$D$5:$D$3125,A36) | N36: =COUNTIFS('스폰_편집'!$D$5:$D$3125,A36,'스폰_편집'!$B$5:$B$3125,"사용") | O36: 1 | P36: #cobblemon:is_savanna | Q36: uncommon | S36: cobbleventure:generation_1 | T36: =IF(M36=0,"없음",IF(N36=0,"전부 제외","사용"))
A37: 33 | B37: 니드리노 | C37: nidorino | D37: Nidorino | E37: 1 | F37: generation1 | G37: poison | I37: 예 | J37: 예 | K37: 예 | L37: Cobblemon 동일 | M37: =COUNTIF('스폰_편집'!$D$5:$D$3125,A37) | N37: =COUNTIFS('스폰_편집'!$D$5:$D$3125,A37,'스폰_편집'!$B$5:$B$3125,"사용") | O37: 1 | P37: #cobblemon:is_savanna | Q37: uncommon | S37: cobbleventure:generation_1 | T37: =IF(M37=0,"없음",IF(N37=0,"전부 제외","사용"))
A38: 34 | B38: 니드킹 | C38: nidoking | D38: Nidoking | E38: 1 | F38: generation1 | G38: poison | H38: ground | I38: 예 | J38: 예 | K38: 예 | L38: Cobblemon 동일 | M38: =COUNTIF('스폰_편집'!$D$5:$D$3125,A38) | N38: =COUNTIFS('스폰_편집'!$D$5:$D$3125,A38,'스폰_편집'!$B$5:$B$3125,"사용") | O38: 1 | P38: #cobblemon:is_savanna | Q38: uncommon | S38: cobbleventure:generation_1 | T38: =IF(M38=0,"없음",IF(N38=0,"전부 제외","사용"))
A39: 35 | B39: 삐삐 | C39: clefairy | D39: Clefairy | E39: 1 | F39: generation1 | G39: fairy | I39: 예 | J39: 예 | K39: 예 | L39: Cobblemon 동일 | M39: =COUNTIF('스폰_편집'!$D$5:$D$3125,A39) | N39: =COUNTIFS('스폰_편집'!$D$5:$D$3125,A39,'스폰_편집'!$B$5:$B$3125,"사용") | O39: 4 | P39: #aether:is_aether; #cobblemon:is_dripstone; #cobblemon:is_hills; #cobblemon:is_magical | Q39: uncommon | S39: cobbleventure:generation_1 | T39: =IF(M39=0,"없음",IF(N39=0,"전부 제외","사용"))
A40: 36 | B40: 픽시 | C40: clefable | D40: Clefable | E40: 1 | F40: generation1 | G40: fairy | I40: 예 | J40: 예 | K40: 예 | L40: Cobblemon 동일 | M40: =COUNTIF('스폰_편집'!$D$5:$D$3125,A40) | N40: =COUNTIFS('스폰_편집'!$D$5:$D$3125,A40,'스폰_편집'!$B$5:$B$3125,"사용") | O40: 4 | P40: #aether:is_aether; #cobblemon:is_dripstone; #cobblemon:is_hills; #cobblemon:is_magical | Q40: uncommon | S40: cobbleventure:generation_1 | T40: =IF(M40=0,"없음",IF(N40=0,"전부 제외","사용"))
A41: 37 | B41: 식스테일 | C41: vulpix | D41: Vulpix | E41: 1 | F41: generation1 | G41: fire | I41: 예 | J41: 예 | K41: 예 | L41: COBBLEVERSE 수정 | M41: =COUNTIF('스폰_편집'!$D$5:$D$3125,A41) | N41: =COUNTIFS('스폰_편집'!$D$5:$D$3125,A41,'스폰_편집'!$B$5:$B$3125,"사용") | O41: 6 | P41: #cobblemon:is_forest; #cobblemon:is_snowy_forest; #cobblemon:is_snowy_taiga; #cobblemon:is_taiga; #cobblemon:nether/is_forest; minecraft:snowy_plains | Q41: common; rare; uncommon | R41: region_01 | S41: cobbleventure:generation_1 | T41: =IF(M41=0,"없음",IF(N41=0,"전부 제외","사용"))
A42: 38 | B42: 나인테일 | C42: ninetales | D42: Ninetales | E42: 1 | F42: generation1 | G42: fire | I42: 예 | J42: 예 | K42: 예 | L42: COBBLEVERSE 수정 | M42: =COUNTIF('스폰_편집'!$D$5:$D$3125,A42) | N42: =COUNTIFS('스폰_편집'!$D$5:$D$3125,A42,'스폰_편집'!$B$5:$B$3125,"사용") | O42: 5 | P42: #cobblemon:is_forest; #cobblemon:is_snowy_forest; #cobblemon:is_snowy_taiga; #cobblemon:is_taiga; #cobblemon:nether/is_forest | Q42: common; uncommon | R42: region_01 | S42: cobbleventure:generation_1 | T42: =IF(M42=0,"없음",IF(N42=0,"전부 제외","사용"))
A43: 39 | B43: 푸린 | C43: jigglypuff | D43: Jigglypuff | E43: 1 | F43: generation1 | G43: normal | H43: fairy | I43: 예 | J43: 예 | K43: 예 | L43: Cobblemon 동일 | M43: =COUNTIF('스폰_편집'!$D$5:$D$3125,A43) | N43: =COUNTIFS('스폰_편집'!$D$5:$D$3125,A43,'스폰_편집'!$B$5:$B$3125,"사용") | O43: 4 | P43: #cobblemon:is_floral; #cobblemon:is_plains; aether:skyroot_grove; aether:skyroot_meadow | Q43: common | R43: region_01 | S43: cobbleventure:generation_1 | T43: =IF(M43=0,"없음",IF(N43=0,"전부 제외","사용"))
A44: 40 | B44: 푸크린 | C44: wigglytuff | D44: Wigglytuff | E44: 1 | F44: generation1 | G44: normal | H44: fairy | I44: 예 | J44: 예 | K44: 예 | L44: Cobblemon 동일 | M44: =COUNTIF('스폰_편집'!$D$5:$D$3125,A44) | N44: =COUNTIFS('스폰_편집'!$D$5:$D$3125,A44,'스폰_편집'!$B$5:$B$3125,"사용") | O44: 4 | P44: #cobblemon:is_floral; #cobblemon:is_plains; aether:skyroot_grove; aether:skyroot_meadow | Q44: common | R44: region_01 | S44: cobbleventure:generation_1 | T44: =IF(M44=0,"없음",IF(N44=0,"전부 제외","사용"))
A45: 41 | B45: 주뱃 | C45: zubat | D45: Zubat | E45: 1 | F45: generation1 | G45: poison | H45: flying | I45: 예 | J45: 예 | K45: 예 | L45: Cobblemon 동일 | M45: =COUNTIF('스폰_편집'!$D$5:$D$3125,A45) | N45: =COUNTIFS('스폰_편집'!$D$5:$D$3125,A45,'스폰_편집'!$B$5:$B$3125,"사용") | O45: 6 | P45: #aether:is_aether; #cobblemon:is_deep_dark; #cobblemon:is_forest; #cobblemon:is_overworld; #cobblemon:is_spooky; #cobblemon:is_swamp | Q45: common; uncommon | R45: region_01; region_02 | S45: cobbleventure:generation_1 | T45: =IF(M45=0,"없음",IF(N45=0,"전부 제외","사용"))
A46: 42 | B46: 골뱃 | C46: golbat | D46: Golbat | E46: 1 | F46: generation1 | G46: poison | H46: flying | I46: 예 | J46: 예 | K46: 예 | L46: Cobblemon 동일 | M46: =COUNTIF('스폰_편집'!$D$5:$D$3125,A46) | N46: =COUNTIFS('스폰_편집'!$D$5:$D$3125,A46,'스폰_편집'!$B$5:$B$3125,"사용") | O46: 6 | P46: #aether:is_aether; #cobblemon:is_deep_dark; #cobblemon:is_forest; #cobblemon:is_overworld; #cobblemon:is_spooky; #cobblemon:is_swamp | Q46: common; uncommon | R46: region_01; region_02 | S46: cobbleventure:generation_1 | T46: =IF(M46=0,"없음",IF(N46=0,"전부 제외","사용"))
A47: 43 | B47: 뚜벅쵸 | C47: oddish | D47: Oddish | E47: 1 | F47: generation1 | G47: grass | H47: poison | I47: 예 | J47: 예 | K47: 예 | L47: Cobblemon 동일 | M47: =COUNTIF('스폰_편집'!$D$5:$D$3125,A47) | N47: =COUNTIFS('스폰_편집'!$D$5:$D$3125,A47,'스폰_편집'!$B$5:$B$3125,"사용") | O47: 4 | P47: #cobblemon:is_jungle; #cobblemon:is_savanna; #cobblemon:is_temperate; #cobblemon:is_tropical_island | Q47: common | R47: region_01 | S47: cobbleventure:generation_1 | T47: =IF(M47=0,"없음",IF(N47=0,"전부 제외","사용"))
A48: 44 | B48: 냄새꼬 | C48: gloom | D48: Gloom | E48: 1 | F48: generation1 | G48: grass | H48: poison | I48: 예 | J48: 예 | K48: 예 | L48: Cobblemon 동일 | M48: =COUNTIF('스폰_편집'!$D$5:$D$3125,A48) | N48: =COUNTIFS('스폰_편집'!$D$5:$D$3125,A48,'스폰_편집'!$B$5:$B$3125,"사용") | O48: 4 | P48: #cobblemon:is_jungle; #cobblemon:is_savanna; #cobblemon:is_temperate; #cobblemon:is_tropical_island | Q48: common | R48: region_01 | S48: cobbleventure:generation_1 | T48: =IF(M48=0,"없음",IF(N48=0,"전부 제외","사용"))
A49: 45 | B49: 라플레시아 | C49: vileplume | D49: Vileplume | E49: 1 | F49: generation1 | G49: grass | H49: poison | I49: 예 | J49: 예 | K49: 예 | L49: Cobblemon 동일 | M49: =COUNTIF('스폰_편집'!$D$5:$D$3125,A49) | N49: =COUNTIFS('스폰_편집'!$D$5:$D$3125,A49,'스폰_편집'!$B$5:$B$3125,"사용") | O49: 4 | P49: #cobblemon:is_jungle; #cobblemon:is_savanna; #cobblemon:is_temperate; #cobblemon:is_tropical_island | Q49: common | R49: region_01 | S49: cobbleventure:generation_1 | T49: =IF(M49=0,"없음",IF(N49=0,"전부 제외","사용"))
A50: 46 | B50: 파라스 | C50: paras | D50: Paras | E50: 1 | F50: generation1 | G50: bug | H50: grass | I50: 예 | J50: 예 | K50: 예 | L50: Cobblemon 동일 | M50: =COUNTIF('스폰_편집'!$D$5:$D$3125,A50) | N50: =COUNTIFS('스폰_편집'!$D$5:$D$3125,A50,'스폰_편집'!$B$5:$B$3125,"사용") | O50: 4 | P50: #cobblemon:is_lush; #cobblemon:is_mushroom; #cobblemon:is_overworld; #cobblemon:nether/is_fungus | Q50: common; uncommon | R50: region_01; region_02 | S50: cobbleventure:generation_1 | T50: =IF(M50=0,"없음",IF(N50=0,"전부 제외","사용"))
A51: 47 | B51: 파라섹트 | C51: parasect | D51: Parasect | E51: 1 | F51: generation1 | G51: bug | H51: grass | I51: 예 | J51: 예 | K51: 예 | L51: Cobblemon 동일 | M51: =COUNTIF('스폰_편집'!$D$5:$D$3125,A51) | N51: =COUNTIFS('스폰_편집'!$D$5:$D$3125,A51,'스폰_편집'!$B$5:$B$3125,"사용") | O51: 4 | P51: #cobblemon:is_lush; #cobblemon:is_mushroom; #cobblemon:is_overworld; #cobblemon:nether/is_fungus | Q51: common; uncommon | R51: region_01; region_02 | S51: cobbleventure:generation_1 | T51: =IF(M51=0,"없음",IF(N51=0,"전부 제외","사용"))
A52: 48 | B52: 콘팡 | C52: venonat | D52: Venonat | E52: 1 | F52: generation1 | G52: bug | H52: poison | I52: 예 | J52: 예 | K52: 예 | L52: Cobblemon 동일 | M52: =COUNTIF('스폰_편집'!$D$5:$D$3125,A52) | N52: =COUNTIFS('스폰_편집'!$D$5:$D$3125,A52,'스폰_편집'!$B$5:$B$3125,"사용") | O52: 2 | P52: #cobblemon:is_spooky; #cobblemon:is_swamp | Q52: common | R52: region_02 | S52: cobbleventure:generation_1 | T52: =IF(M52=0,"없음",IF(N52=0,"전부 제외","사용"))
A53: 49 | B53: 도나리 | C53: venomoth | D53: Venomoth | E53: 1 | F53: generation1 | G53: bug | H53: poison | I53: 예 | J53: 예 | K53: 예 | L53: Cobblemon 동일 | M53: =COUNTIF('스폰_편집'!$D$5:$D$3125,A53) | N53: =COUNTIFS('스폰_편집'!$D$5:$D$3125,A53,'스폰_편집'!$B$5:$B$3125,"사용") | O53: 2 | P53: #cobblemon:is_spooky; #cobblemon:is_swamp | Q53: common | R53: region_02 | S53: cobbleventure:generation_1 | T53: =IF(M53=0,"없음",IF(N53=0,"전부 제외","사용"))
A54: 50 | B54: 디그다 | C54: diglett | D54: Diglett | E54: 1 | F54: generation1 | G54: ground | I54: 예 | J54: 예 | K54: 예 | L54: Cobblemon 동일 | M54: =COUNTIF('스폰_편집'!$D$5:$D$3125,A54) | N54: =COUNTIFS('스폰_편집'!$D$5:$D$3125,A54,'스폰_편집'!$B$5:$B$3125,"사용") | O54: 1 | P54: #cobblemon:is_overworld | Q54: common | R54: region_01; region_02 | S54: cobbleventure:generation_1 | T54: =IF(M54=0,"없음",IF(N54=0,"전부 제외","사용"))
A55: 51 | B55: 닥트리오 | C55: dugtrio | D55: Dugtrio | E55: 1 | F55: generation1 | G55: ground | I55: 예 | J55: 예 | K55: 예 | L55: Cobblemon 동일 | M55: =COUNTIF('스폰_편집'!$D$5:$D$3125,A55) | N55: =COUNTIFS('스폰_편집'!$D$5:$D$3125,A55,'스폰_편집'!$B$5:$B$3125,"사용") | O55: 1 | P55: #cobblemon:is_overworld | Q55: common | R55: region_01; region_02 | S55: cobbleventure:generation_1 | T55: =IF(M55=0,"없음",IF(N55=0,"전부 제외","사용"))
A56: 52 | B56: 나옹 | C56: meowth | D56: Meowth | E56: 1 | F56: generation1 | G56: normal | I56: 예 | J56: 예 | K56: 예 | L56: COBBLEVERSE 수정 | M56: =COUNTIF('스폰_편집'!$D$5:$D$3125,A56) | N56: =COUNTIFS('스폰_편집'!$D$5:$D$3125,A56,'스폰_편집'!$B$5:$B$3125,"사용") | O56: 4 | P56: #cobblemon:is_arid; #cobblemon:is_freezing; #cobblemon:is_overworld; #cobblemon:is_taiga | Q56: common; uncommon | R56: region_01; region_02 | S56: cobbleventure:generation_1 | T56: =IF(M56=0,"없음",IF(N56=0,"전부 제외","사용"))
A57: 53 | B57: 페르시온 | C57: persian | D57: Persian | E57: 1 | F57: generation1 | G57: normal | I57: 예 | J57: 예 | K57: 예 | L57: COBBLEVERSE 수정 | M57: =COUNTIF('스폰_편집'!$D$5:$D$3125,A57) | N57: =COUNTIFS('스폰_편집'!$D$5:$D$3125,A57,'스폰_편집'!$B$5:$B$3125,"사용") | O57: 3 | P57: #cobblemon:is_arid; #cobblemon:is_freezing; #cobblemon:is_overworld | Q57: common; uncommon | R57: region_01; region_02 | S57: cobbleventure:generation_1 | T57: =IF(M57=0,"없음",IF(N57=0,"전부 제외","사용"))
A58: 54 | B58: 고라파덕 | C58: psyduck | D58: Psyduck | E58: 1 | F58: generation1 | G58: water | I58: 예 | J58: 예 | K58: 예 | L58: COBBLEVERSE 수정 | M58: =COUNTIF('스폰_편집'!$D$5:$D$3125,A58) | N58: =COUNTIFS('스폰_편집'!$D$5:$D$3125,A58,'스폰_편집'!$B$5:$B$3125,"사용") | O58: 6 | P58: #cobblemon:is_forest; #cobblemon:is_freshwater; #cobblemon:is_grassland; #cobblemon:is_magical; #cobblemon:is_swamp; #cobblemon:is_tropical_island | Q58: common | R58: region_01; region_02 | S58: cobbleventure:generation_1 | T58: =IF(M58=0,"없음",IF(N58=0,"전부 제외","사용"))
A59: 55 | B59: 골덕 | C59: golduck | D59: Golduck | E59: 1 | F59: generation1 | G59: water | I59: 예 | J59: 예 | K59: 예 | L59: COBBLEVERSE 수정 | M59: =COUNTIF('스폰_편집'!$D$5:$D$3125,A59) | N59: =COUNTIFS('스폰_편집'!$D$5:$D$3125,A59,'스폰_편집'!$B$5:$B$3125,"사용") | O59: 6 | P59: #cobblemon:is_forest; #cobblemon:is_freshwater; #cobblemon:is_grassland; #cobblemon:is_magical; #cobblemon:is_swamp; #cobblemon:is_tropical_island | Q59: common | R59: region_01; region_02 | S59: cobbleventure:generation_1 | T59: =IF(M59=0,"없음",IF(N59=0,"전부 제외","사용"))
A60: 56 | B60: 망키 | C60: mankey | D60: Mankey | E60: 1 | F60: generation1 | G60: fighting | I60: 예 | J60: 예 | K60: 예 | L60: Cobblemon 동일 | M60: =COUNTIF('스폰_편집'!$D$5:$D$3125,A60) | N60: =COUNTIFS('스폰_편집'!$D$5:$D$3125,A60,'스폰_편집'!$B$5:$B$3125,"사용") | O60: 2 | P60: #cobblemon:is_hills; #cobblemon:is_jungle | Q60: common | S60: cobbleventure:generation_1 | T60: =IF(M60=0,"없음",IF(N60=0,"전부 제외","사용"))
A61: 57 | B61: 성원숭 | C61: primeape | D61: Primeape | E61: 1 | F61: generation1 | G61: fighting | I61: 예 | J61: 예 | K61: 예 | L61: Cobblemon 동일 | M61: =COUNTIF('스폰_편집'!$D$5:$D$3125,A61) | N61: =COUNTIFS('스폰_편집'!$D$5:$D$3125,A61,'스폰_편집'!$B$5:$B$3125,"사용") | O61: 2 | P61: #cobblemon:is_hills; #cobblemon:is_jungle | Q61: common | S61: cobbleventure:generation_1 | T61: =IF(M61=0,"없음",IF(N61=0,"전부 제외","사용"))
A62: 58 | B62: 가디 | C62: growlithe | D62: Growlithe | E62: 1 | F62: generation1 | G62: fire | I62: 예 | J62: 예 | K62: 예 | L62: COBBLEVERSE 수정 | M62: =COUNTIF('스폰_편집'!$D$5:$D$3125,A62) | N62: =COUNTIFS('스폰_편집'!$D$5:$D$3125,A62,'스폰_편집'!$B$5:$B$3125,"사용") | O62: 2 | P62: #cobblemon:is_overworld; #cobblemon:is_peak | Q62: uncommon | R62: region_01 | S62: cobbleventure:generation_1 | T62: =IF(M62=0,"없음",IF(N62=0,"전부 제외","사용"))
A63: 59 | B63: 윈디 | C63: arcanine | D63: Arcanine | E63: 1 | F63: generation1 | G63: fire | I63: 예 | J63: 예 | K63: 예 | L63: COBBLEVERSE 수정 | M63: =COUNTIF('스폰_편집'!$D$5:$D$3125,A63) | N63: =COUNTIFS('스폰_편집'!$D$5:$D$3125,A63,'스폰_편집'!$B$5:$B$3125,"사용") | O63: 3 | P63: #cobblemon:is_overworld; #cobblemon:is_peak; #cobblemon:nether/is_basalt | Q63: rare; uncommon | R63: region_01 | S63: cobbleventure:generation_1 | T63: =IF(M63=0,"없음",IF(N63=0,"전부 제외","사용"))
A64: 60 | B64: 발챙이 | C64: poliwag | D64: Poliwag | E64: 1 | F64: generation1 | G64: water | I64: 예 | J64: 예 | K64: 예 | L64: Cobblemon 동일 | M64: =COUNTIF('스폰_편집'!$D$5:$D$3125,A64) | N64: =COUNTIFS('스폰_편집'!$D$5:$D$3125,A64,'스폰_편집'!$B$5:$B$3125,"사용") | O64: 9 | P64: #cobblemon:is_freshwater; #cobblemon:is_hills; #cobblemon:is_jungle; #cobblemon:is_lush; #cobblemon:is_magical; #cobblemon:is_mushroom; #cobblemon:is_overworld; #cobblemon:is_swamp; #cobblemon:is_temperate | Q64: common | R64: region_01; region_02 | S64: cobbleventure:generation_1 | T64: =IF(M64=0,"없음",IF(N64=0,"전부 제외","사용"))
A65: 61 | B65: 슈륙챙이 | C65: poliwhirl | D65: Poliwhirl | E65: 1 | F65: generation1 | G65: water | I65: 예 | J65: 예 | K65: 예 | L65: Cobblemon 동일 | M65: =COUNTIF('스폰_편집'!$D$5:$D$3125,A65) | N65: =COUNTIFS('스폰_편집'!$D$5:$D$3125,A65,'스폰_편집'!$B$5:$B$3125,"사용") | O65: 9 | P65: #cobblemon:is_freshwater; #cobblemon:is_hills; #cobblemon:is_jungle; #cobblemon:is_lush; #cobblemon:is_magical; #cobblemon:is_mushroom; #cobblemon:is_overworld; #cobblemon:is_swamp; #cobblemon:is_temperate | Q65: common | R65: region_01; region_02 | S65: cobbleventure:generation_1 | T65: =IF(M65=0,"없음",IF(N65=0,"전부 제외","사용"))
A66: 62 | B66: 강챙이 | C66: poliwrath | D66: Poliwrath | E66: 1 | F66: generation1 | G66: water | H66: fighting | I66: 예 | J66: 예 | K66: 예 | L66: Cobblemon 동일 | M66: =COUNTIF('스폰_편집'!$D$5:$D$3125,A66) | N66: =COUNTIFS('스폰_편집'!$D$5:$D$3125,A66,'스폰_편집'!$B$5:$B$3125,"사용") | O66: 9 | P66: #cobblemon:is_freshwater; #cobblemon:is_hills; #cobblemon:is_jungle; #cobblemon:is_lush; #cobblemon:is_magical; #cobblemon:is_mushroom; #cobblemon:is_overworld; #cobblemon:is_swamp; #cobblemon:is_temperate | Q66: common | R66: region_01; region_02 | S66: cobbleventure:generation_1 | T66: =IF(M66=0,"없음",IF(N66=0,"전부 제외","사용"))
A67: 63 | B67: 캐이시 | C67: abra | D67: Abra | E67: 1 | F67: generation1 | G67: psychic | I67: 예 | J67: 예 | K67: 예 | L67: Cobblemon 동일 | M67: =COUNTIF('스폰_편집'!$D$5:$D$3125,A67) | N67: =COUNTIFS('스폰_편집'!$D$5:$D$3125,A67,'스폰_편집'!$B$5:$B$3125,"사용") | O67: 4 | P67: #cobblemon:is_hills; #cobblemon:is_magical; #cobblemon:is_overworld; #cobblemon:is_temperate | Q67: common; rare; uncommon | R67: region_01; region_02 | S67: cobbleventure:generation_1 | T67: =IF(M67=0,"없음",IF(N67=0,"전부 제외","사용"))
A68: 64 | B68: 윤겔라 | C68: kadabra | D68: Kadabra | E68: 1 | F68: generation1 | G68: psychic | I68: 예 | J68: 예 | K68: 예 | L68: Cobblemon 동일 | M68: =COUNTIF('스폰_편집'!$D$5:$D$3125,A68) | N68: =COUNTIFS('스폰_편집'!$D$5:$D$3125,A68,'스폰_편집'!$B$5:$B$3125,"사용") | O68: 4 | P68: #cobblemon:is_hills; #cobblemon:is_magical; #cobblemon:is_overworld; #cobblemon:is_temperate | Q68: common; rare; uncommon | R68: region_01; region_02 | S68: cobbleventure:generation_1 | T68: =IF(M68=0,"없음",IF(N68=0,"전부 제외","사용"))
A69: 65 | B69: 후딘 | C69: alakazam | D69: Alakazam | E69: 1 | F69: generation1 | G69: psychic | I69: 예 | J69: 예 | K69: 예 | L69: Cobblemon 동일 | M69: =COUNTIF('스폰_편집'!$D$5:$D$3125,A69) | N69: =COUNTIFS('스폰_편집'!$D$5:$D$3125,A69,'스폰_편집'!$B$5:$B$3125,"사용") | O69: 4 | P69: #cobblemon:is_hills; #cobblemon:is_magical; #cobblemon:is_overworld; #cobblemon:is_temperate | Q69: common; rare; uncommon | R69: region_01; region_02 | S69: cobbleventure:generation_1 | T69: =IF(M69=0,"없음",IF(N69=0,"전부 제외","사용"))
A70: 66 | B70: 알통몬 | C70: machop | D70: Machop | E70: 1 | F70: generation1 | G70: fighting | I70: 예 | J70: 예 | K70: 예 | L70: Cobblemon 동일 | M70: =COUNTIF('스폰_편집'!$D$5:$D$3125,A70) | N70: =COUNTIFS('스폰_편집'!$D$5:$D$3125,A70,'스폰_편집'!$B$5:$B$3125,"사용") | O70: 1 | P70: #cobblemon:is_hills | Q70: common | S70: cobbleventure:generation_1 | T70: =IF(M70=0,"없음",IF(N70=0,"전부 제외","사용"))
A71: 67 | B71: 근육몬 | C71: machoke | D71: Machoke | E71: 1 | F71: generation1 | G71: fighting | I71: 예 | J71: 예 | K71: 예 | L71: Cobblemon 동일 | M71: =COUNTIF('스폰_편집'!$D$5:$D$3125,A71) | N71: =COUNTIFS('스폰_편집'!$D$5:$D$3125,A71,'스폰_편집'!$B$5:$B$3125,"사용") | O71: 1 | P71: #cobblemon:is_hills | Q71: common | S71: cobbleventure:generation_1 | T71: =IF(M71=0,"없음",IF(N71=0,"전부 제외","사용"))
A72: 68 | B72: 괴력몬 | C72: machamp | D72: Machamp | E72: 1 | F72: generation1 | G72: fighting | I72: 예 | J72: 예 | K72: 예 | L72: Cobblemon 동일 | M72: =COUNTIF('스폰_편집'!$D$5:$D$3125,A72) | N72: =COUNTIFS('스폰_편집'!$D$5:$D$3125,A72,'스폰_편집'!$B$5:$B$3125,"사용") | O72: 1 | P72: #cobblemon:is_hills | Q72: common | S72: cobbleventure:generation_1 | T72: =IF(M72=0,"없음",IF(N72=0,"전부 제외","사용"))
A73: 69 | B73: 모다피 | C73: bellsprout | D73: Bellsprout | E73: 1 | F73: generation1 | G73: grass | H73: poison | I73: 예 | J73: 예 | K73: 예 | L73: Cobblemon 동일 | M73: =COUNTIF('스폰_편집'!$D$5:$D$3125,A73) | N73: =COUNTIFS('스폰_편집'!$D$5:$D$3125,A73,'스폰_편집'!$B$5:$B$3125,"사용") | O73: 1 | P73: #cobblemon:is_jungle | Q73: common | S73: cobbleventure:generation_1 | T73: =IF(M73=0,"없음",IF(N73=0,"전부 제외","사용"))
A74: 70 | B74: 우츠동 | C74: weepinbell | D74: Weepinbell | E74: 1 | F74: generation1 | G74: grass | H74: poison | I74: 예 | J74: 예 | K74: 예 | L74: Cobblemon 동일 | M74: =COUNTIF('스폰_편집'!$D$5:$D$3125,A74) | N74: =COUNTIFS('스폰_편집'!$D$5:$D$3125,A74,'스폰_편집'!$B$5:$B$3125,"사용") | O74: 1 | P74: #cobblemon:is_jungle | Q74: common | S74: cobbleventure:generation_1 | T74: =IF(M74=0,"없음",IF(N74=0,"전부 제외","사용"))
A75: 71 | B75: 우츠보트 | C75: victreebel | D75: Victreebel | E75: 1 | F75: generation1 | G75: grass | H75: poison | I75: 예 | J75: 예 | K75: 예 | L75: Cobblemon 동일 | M75: =COUNTIF('스폰_편집'!$D$5:$D$3125,A75) | N75: =COUNTIFS('스폰_편집'!$D$5:$D$3125,A75,'스폰_편집'!$B$5:$B$3125,"사용") | O75: 1 | P75: #cobblemon:is_jungle | Q75: common | S75: cobbleventure:generation_1 | T75: =IF(M75=0,"없음",IF(N75=0,"전부 제외","사용"))
A76: 72 | B76: 왕눈해 | C76: tentacool | D76: Tentacool | E76: 1 | F76: generation1 | G76: water | H76: poison | I76: 예 | J76: 예 | K76: 예 | L76: COBBLEVERSE 수정 | M76: =COUNTIF('스폰_편집'!$D$5:$D$3125,A76) | N76: =COUNTIFS('스폰_편집'!$D$5:$D$3125,A76,'스폰_편집'!$B$5:$B$3125,"사용") | O76: 3 | P76: #cobblemon:is_ocean; #cobblemon:is_overworld; minecraft:cold_ocean | Q76: common | R76: region_01; region_02 | S76: cobbleventure:generation_1 | T76: =IF(M76=0,"없음",IF(N76=0,"전부 제외","사용"))
A77: 73 | B77: 독파리 | C77: tentacruel | D77: Tentacruel | E77: 1 | F77: generation1 | G77: water | H77: poison | I77: 예 | J77: 예 | K77: 예 | L77: COBBLEVERSE 수정 | M77: =COUNTIF('스폰_편집'!$D$5:$D$3125,A77) | N77: =COUNTIFS('스폰_편집'!$D$5:$D$3125,A77,'스폰_편집'!$B$5:$B$3125,"사용") | O77: 2 | P77: #cobblemon:is_ocean; #cobblemon:is_overworld | Q77: common | R77: region_01; region_02 | S77: cobbleventure:generation_1 | T77: =IF(M77=0,"없음",IF(N77=0,"전부 제외","사용"))
A78: 74 | B78: 꼬마돌 | C78: geodude | D78: Geodude | E78: 1 | F78: generation1 | G78: rock | H78: ground | I78: 예 | J78: 예 | K78: 예 | L78: Cobblemon 동일 | M78: =COUNTIF('스폰_편집'!$D$5:$D$3125,A78) | N78: =COUNTIFS('스폰_편집'!$D$5:$D$3125,A78,'스폰_편집'!$B$5:$B$3125,"사용") | O78: 2 | P78: #cobblemon:is_mountain; #cobblemon:is_overworld | Q78: common | R78: region_01; region_02 | S78: cobbleventure:generation_1 | T78: =IF(M78=0,"없음",IF(N78=0,"전부 제외","사용"))
A79: 75 | B79: 데구리 | C79: graveler | D79: Graveler | E79: 1 | F79: generation1 | G79: rock | H79: ground | I79: 예 | J79: 예 | K79: 예 | L79: Cobblemon 동일 | M79: =COUNTIF('스폰_편집'!$D$5:$D$3125,A79) | N79: =COUNTIFS('스폰_편집'!$D$5:$D$3125,A79,'스폰_편집'!$B$5:$B$3125,"사용") | O79: 2 | P79: #cobblemon:is_mountain; #cobblemon:is_overworld | Q79: common | R79: region_01; region_02 | S79: cobbleventure:generation_1 | T79: =IF(M79=0,"없음",IF(N79=0,"전부 제외","사용"))
A80: 76 | B80: 딱구리 | C80: golem | D80: Golem | E80: 1 | F80: generation1 | G80: rock | H80: ground | I80: 예 | J80: 예 | K80: 예 | L80: Cobblemon 동일 | M80: =COUNTIF('스폰_편집'!$D$5:$D$3125,A80) | N80: =COUNTIFS('스폰_편집'!$D$5:$D$3125,A80,'스폰_편집'!$B$5:$B$3125,"사용") | O80: 2 | P80: #cobblemon:is_mountain; #cobblemon:is_overworld | Q80: common | R80: region_01; region_02 | S80: cobbleventure:generation_1 | T80: =IF(M80=0,"없음",IF(N80=0,"전부 제외","사용"))
A81: 77 | B81: 포니타 | C81: ponyta | D81: Ponyta | E81: 1 | F81: generation1 | G81: fire | I81: 예 | J81: 예 | K81: 예 | L81: Cobblemon 동일 | M81: =COUNTIF('스폰_편집'!$D$5:$D$3125,A81) | N81: =COUNTIFS('스폰_편집'!$D$5:$D$3125,A81,'스폰_편집'!$B$5:$B$3125,"사용") | O81: 6 | P81: #aether:is_aether; #cobblemon:is_floral; #cobblemon:is_grassland; #cobblemon:is_magical; #cobblemon:nether/is_overgrowth; #cobblemon:nether/is_wasteland | Q81: common; uncommon | R81: region_01 | S81: cobbleventure:generation_1 | T81: =IF(M81=0,"없음",IF(N81=0,"전부 제외","사용"))
A82: 78 | B82: 날쌩마 | C82: rapidash | D82: Rapidash | E82: 1 | F82: generation1 | G82: fire | I82: 예 | J82: 예 | K82: 예 | L82: Cobblemon 동일 | M82: =COUNTIF('스폰_편집'!$D$5:$D$3125,A82) | N82: =COUNTIFS('스폰_편집'!$D$5:$D$3125,A82,'스폰_편집'!$B$5:$B$3125,"사용") | O82: 6 | P82: #aether:is_aether; #cobblemon:is_floral; #cobblemon:is_grassland; #cobblemon:is_magical; #cobblemon:nether/is_overgrowth; #cobblemon:nether/is_wasteland | Q82: common; uncommon | R82: region_01 | S82: cobbleventure:generation_1 | T82: =IF(M82=0,"없음",IF(N82=0,"전부 제외","사용"))
A83: 79 | B83: 야돈 | C83: slowpoke | D83: Slowpoke | E83: 1 | F83: generation1 | G83: water | H83: psychic | I83: 예 | J83: 예 | K83: 예 | L83: Cobblemon 동일 | M83: =COUNTIF('스폰_편집'!$D$5:$D$3125,A83) | N83: =COUNTIFS('스폰_편집'!$D$5:$D$3125,A83,'스폰_편집'!$B$5:$B$3125,"사용") | O83: 5 | P83: #cobblemon:is_beach; #cobblemon:is_freshwater; #cobblemon:is_river; #cobblemon:is_tropical_island; minecraft:mushroom_fields | Q83: common | R83: region_02 | S83: cobbleventure:generation_1 | T83: =IF(M83=0,"없음",IF(N83=0,"전부 제외","사용"))
A84: 80 | B84: 야도란 | C84: slowbro | D84: Slowbro | E84: 1 | F84: generation1 | G84: water | H84: psychic | I84: 예 | J84: 예 | K84: 예 | L84: Cobblemon 동일 | M84: =COUNTIF('스폰_편집'!$D$5:$D$3125,A84) | N84: =COUNTIFS('스폰_편집'!$D$5:$D$3125,A84,'스폰_편집'!$B$5:$B$3125,"사용") | O84: 3 | P84: #cobblemon:is_beach; #cobblemon:is_tropical_island; minecraft:mushroom_fields | Q84: common | S84: cobbleventure:generation_1 | T84: =IF(M84=0,"없음",IF(N84=0,"전부 제외","사용"))
A85: 81 | B85: 코일 | C85: magnemite | D85: Magnemite | E85: 1 | F85: generation1 | G85: electric | H85: steel | I85: 예 | J85: 예 | K85: 예 | L85: Cobblemon 동일 | M85: =COUNTIF('스폰_편집'!$D$5:$D$3125,A85) | N85: =COUNTIFS('스폰_편집'!$D$5:$D$3125,A85,'스폰_편집'!$B$5:$B$3125,"사용") | O85: 1 | P85: #cobblemon:is_overworld | Q85: common; uncommon | R85: region_01; region_02 | S85: cobbleventure:generation_1 | T85: =IF(M85=0,"없음",IF(N85=0,"전부 제외","사용"))
A86: 82 | B86: 레어코일 | C86: magneton | D86: Magneton | E86: 1 | F86: generation1 | G86: electric | H86: steel | I86: 예 | J86: 예 | K86: 예 | L86: Cobblemon 동일 | M86: =COUNTIF('스폰_편집'!$D$5:$D$3125,A86) | N86: =COUNTIFS('스폰_편집'!$D$5:$D$3125,A86,'스폰_편집'!$B$5:$B$3125,"사용") | O86: 1 | P86: #cobblemon:is_overworld | Q86: common; uncommon | R86: region_01; region_02 | S86: cobbleventure:generation_1 | T86: =IF(M86=0,"없음",IF(N86=0,"전부 제외","사용"))
A87: 83 | B87: 파오리 | C87: farfetchd | D87: Farfetch'd | E87: 1 | F87: generation1 | G87: normal | H87: flying | I87: 예 | J87: 예 | K87: 예 | L87: Cobblemon 동일 | M87: =COUNTIF('스폰_편집'!$D$5:$D$3125,A87) | N87: =COUNTIFS('스폰_편집'!$D$5:$D$3125,A87,'스폰_편집'!$B$5:$B$3125,"사용") | O87: 2 | P87: #cobblemon:is_forest; #cobblemon:is_overworld | Q87: common; rare | R87: region_01; region_02 | S87: cobbleventure:generation_1 | T87: =IF(M87=0,"없음",IF(N87=0,"전부 제외","사용"))
A88: 84 | B88: 두두 | C88: doduo | D88: Doduo | E88: 1 | F88: generation1 | G88: normal | H88: flying | I88: 예 | J88: 예 | K88: 예 | L88: Cobblemon 동일 | M88: =COUNTIF('스폰_편집'!$D$5:$D$3125,A88) | N88: =COUNTIFS('스폰_편집'!$D$5:$D$3125,A88,'스폰_편집'!$B$5:$B$3125,"사용") | O88: 3 | P88: #cobblemon:is_savanna; aether:skyroot_grove; aether:skyroot_meadow | Q88: common | S88: cobbleventure:generation_1 | T88: =IF(M88=0,"없음",IF(N88=0,"전부 제외","사용"))
A89: 85 | B89: 두트리오 | C89: dodrio | D89: Dodrio | E89: 1 | F89: generation1 | G89: normal | H89: flying | I89: 예 | J89: 예 | K89: 예 | L89: Cobblemon 동일 | M89: =COUNTIF('스폰_편집'!$D$5:$D$3125,A89) | N89: =COUNTIFS('스폰_편집'!$D$5:$D$3125,A89,'스폰_편집'!$B$5:$B$3125,"사용") | O89: 3 | P89: #cobblemon:is_savanna; aether:skyroot_grove; aether:skyroot_meadow | Q89: common | S89: cobbleventure:generation_1 | T89: =IF(M89=0,"없음",IF(N89=0,"전부 제외","사용"))
A90: 86 | B90: 쥬쥬 | C90: seel | D90: Seel | E90: 1 | F90: generation1 | G90: water | I90: 예 | J90: 예 | K90: 예 | L90: Cobblemon 동일 | M90: =COUNTIF('스폰_편집'!$D$5:$D$3125,A90) | N90: =COUNTIFS('스폰_편집'!$D$5:$D$3125,A90,'스폰_편집'!$B$5:$B$3125,"사용") | O90: 2 | P90: #cobblemon:is_cold_ocean; #cobblemon:is_frozen_ocean | Q90: common | S90: cobbleventure:generation_1 | T90: =IF(M90=0,"없음",IF(N90=0,"전부 제외","사용"))
A91: 87 | B91: 쥬레곤 | C91: dewgong | D91: Dewgong | E91: 1 | F91: generation1 | G91: water | H91: ice | I91: 예 | J91: 예 | K91: 예 | L91: Cobblemon 동일 | M91: =COUNTIF('스폰_편집'!$D$5:$D$3125,A91) | N91: =COUNTIFS('스폰_편집'!$D$5:$D$3125,A91,'스폰_편집'!$B$5:$B$3125,"사용") | O91: 2 | P91: #cobblemon:is_cold_ocean; #cobblemon:is_frozen_ocean | Q91: common | S91: cobbleventure:generation_1 | T91: =IF(M91=0,"없음",IF(N91=0,"전부 제외","사용"))
A92: 88 | B92: 질퍽이 | C92: grimer | D92: Grimer | E92: 1 | F92: generation1 | G92: poison | I92: 예 | J92: 예 | K92: 예 | L92: COBBLEVERSE 수정 | M92: =COUNTIF('스폰_편집'!$D$5:$D$3125,A92) | N92: =COUNTIFS('스폰_편집'!$D$5:$D$3125,A92,'스폰_편집'!$B$5:$B$3125,"사용") | O92: 4 | P92: #cobblemon:is_beach; #cobblemon:is_overworld; #cobblemon:is_swamp; #minecraft:is_beach | Q92: common; uncommon | R92: region_01; region_02 | S92: cobbleventure:generation_1 | T92: =IF(M92=0,"없음",IF(N92=0,"전부 제외","사용"))
A93: 89 | B93: 질뻐기 | C93: muk | D93: Muk | E93: 1 | F93: generation1 | G93: poison | I93: 예 | J93: 예 | K93: 예 | L93: COBBLEVERSE 수정 | M93: =COUNTIF('스폰_편집'!$D$5:$D$3125,A93) | N93: =COUNTIFS('스폰_편집'!$D$5:$D$3125,A93,'스폰_편집'!$B$5:$B$3125,"사용") | O93: 4 | P93: #cobblemon:is_beach; #cobblemon:is_overworld; #cobblemon:is_swamp; #minecraft:is_beach | Q93: common; rare; uncommon | R93: region_01; region_02 | S93: cobbleventure:generation_1 | T93: =IF(M93=0,"없음",IF(N93=0,"전부 제외","사용"))
A94: 90 | B94: 셀러 | C94: shellder | D94: Shellder | E94: 1 | F94: generation1 | G94: water | I94: 예 | J94: 예 | K94: 예 | L94: Cobblemon 동일 | M94: =COUNTIF('스폰_편집'!$D$5:$D$3125,A94) | N94: =COUNTIFS('스폰_편집'!$D$5:$D$3125,A94,'스폰_편집'!$B$5:$B$3125,"사용") | O94: 5 | P94: #cobblemon:is_coast; #cobblemon:is_cold_ocean; #cobblemon:is_frozen_ocean; #cobblemon:is_ocean; #cobblemon:is_overworld | Q94: common | R94: region_01; region_02 | S94: cobbleventure:generation_1 | T94: =IF(M94=0,"없음",IF(N94=0,"전부 제외","사용"))
A95: 91 | B95: 파르셀 | C95: cloyster | D95: Cloyster | E95: 1 | F95: generation1 | G95: water | H95: ice | I95: 예 | J95: 예 | K95: 예 | L95: Cobblemon 동일 | M95: =COUNTIF('스폰_편집'!$D$5:$D$3125,A95) | N95: =COUNTIFS('스폰_편집'!$D$5:$D$3125,A95,'스폰_편집'!$B$5:$B$3125,"사용") | O95: 5 | P95: #cobblemon:is_coast; #cobblemon:is_cold_ocean; #cobblemon:is_frozen_ocean; #cobblemon:is_ocean; #cobblemon:is_overworld | Q95: common | R95: region_01; region_02 | S95: cobbleventure:generation_1 | T95: =IF(M95=0,"없음",IF(N95=0,"전부 제외","사용"))
A96: 92 | B96: 고오스 | C96: gastly | D96: Gastly | E96: 1 | F96: generation1 | G96: ghost | H96: poison | I96: 예 | J96: 예 | K96: 예 | L96: COBBLEVERSE 수정 | M96: =COUNTIF('스폰_편집'!$D$5:$D$3125,A96) | N96: =COUNTIFS('스폰_편집'!$D$5:$D$3125,A96,'스폰_편집'!$B$5:$B$3125,"사용") | O96: 5 | P96: #aether:is_aether; #cobblemon:is_deep_dark; #cobblemon:is_overworld; #cobblemon:is_spooky; #minecraft:is_nether | Q96: common; uncommon | R96: region_01; region_02 | S96: cobbleventure:generation_1 | T96: =IF(M96=0,"없음",IF(N96=0,"전부 제외","사용"))
A97: 93 | B97: 고우스트 | C97: haunter | D97: Haunter | E97: 1 | F97: generation1 | G97: ghost | H97: poison | I97: 예 | J97: 예 | K97: 예 | L97: COBBLEVERSE 수정 | M97: =COUNTIF('스폰_편집'!$D$5:$D$3125,A97) | N97: =COUNTIFS('스폰_편집'!$D$5:$D$3125,A97,'스폰_편집'!$B$5:$B$3125,"사용") | O97: 5 | P97: #aether:is_aether; #cobblemon:is_deep_dark; #cobblemon:is_overworld; #cobblemon:is_spooky; #minecraft:is_nether | Q97: common | R97: region_01; region_02 | S97: cobbleventure:generation_1 | T97: =IF(M97=0,"없음",IF(N97=0,"전부 제외","사용"))
A98: 94 | B98: 팬텀 | C98: gengar | D98: Gengar | E98: 1 | F98: generation1 | G98: ghost | H98: poison | I98: 예 | J98: 예 | K98: 예 | L98: COBBLEVERSE 수정 | M98: =COUNTIF('스폰_편집'!$D$5:$D$3125,A98) | N98: =COUNTIFS('스폰_편집'!$D$5:$D$3125,A98,'스폰_편집'!$B$5:$B$3125,"사용") | O98: 5 | P98: #aether:is_aether; #cobblemon:is_deep_dark; #cobblemon:is_overworld; #cobblemon:is_spooky; #minecraft:is_nether | Q98: uncommon | R98: region_01; region_02 | S98: cobbleventure:generation_1 | T98: =IF(M98=0,"없음",IF(N98=0,"전부 제외","사용"))
A99: 95 | B99: 롱스톤 | C99: onix | D99: Onix | E99: 1 | F99: generation1 | G99: rock | H99: ground | I99: 예 | J99: 예 | K99: 예 | L99: Cobblemon 동일 | M99: =COUNTIF('스폰_편집'!$D$5:$D$3125,A99) | N99: =COUNTIFS('스폰_편집'!$D$5:$D$3125,A99,'스폰_편집'!$B$5:$B$3125,"사용") | O99: 2 | P99: #cobblemon:is_overworld; #cobblemon:nether/is_basalt | Q99: uncommon | R99: region_01; region_02 | S99: cobbleventure:generation_1 | T99: =IF(M99=0,"없음",IF(N99=0,"전부 제외","사용"))
A100: 96 | B100: 슬리프 | C100: drowzee | D100: Drowzee | E100: 1 | F100: generation1 | G100: psychic | I100: 예 | J100: 예 | K100: 예 | L100: Cobblemon 동일 | M100: =COUNTIF('스폰_편집'!$D$5:$D$3125,A100) | N100: =COUNTIFS('스폰_편집'!$D$5:$D$3125,A100,'스폰_편집'!$B$5:$B$3125,"사용") | O100: 1 | P100: #cobblemon:is_overworld | Q100: common | R100: region_01; region_02 | S100: cobbleventure:generation_1 | T100: =IF(M100=0,"없음",IF(N100=0,"전부 제외","사용"))
A101: 97 | B101: 슬리퍼 | C101: hypno | D101: Hypno | E101: 1 | F101: generation1 | G101: psychic | I101: 예 | J101: 예 | K101: 예 | L101: Cobblemon 동일 | M101: =COUNTIF('스폰_편집'!$D$5:$D$3125,A101) | N101: =COUNTIFS('스폰_편집'!$D$5:$D$3125,A101,'스폰_편집'!$B$5:$B$3125,"사용") | O101: 1 | P101: #cobblemon:is_overworld | Q101: common | R101: region_01; region_02 | S101: cobbleventure:generation_1 | T101: =IF(M101=0,"없음",IF(N101=0,"전부 제외","사용"))
...

Sheet 바이옴_요약
A1: 바이옴·태그별 포켓몬 출현 요약
A2: 스폰 조건의 biomes 값을 그대로 집계했습니다. #으로 시작하는 값은 바이옴 태그이며, 실제 포함 바이옴은 ‘바이옴_태그’ 시트에서 확인합니다.
A4: 바이옴·태그 | B4: 구분 | C4: 출현엔트리수 | D4: 고유포켓몬수 | E4: 제외조건수 | F4: 희귀도분포 | G4: 지역후보 | H4: 세대목록 | I4: 1세대_엔트리 | J4: 2세대_엔트리 | K4: 3세대_엔트리 | L4: 4세대_엔트리 | M4: 5세대_엔트리 | N4: 6세대_엔트리 | O4: 7세대_엔트리 | P4: 8세대_엔트리 | Q4: 9세대_엔트리 | R4: 태그원본경로
A5: #aether:is_aether | B5: 태그 | C5: 189 | D5: 108 | E5: 0 | F5: common:67; rare:23; ultra-rare:9; uncommon:90 | H5: 1; 2; 3; 4; 5; 6; 7; 8; 9 | I5: 72 | J5: 24 | K5: 13 | L5: 12 | M5: 25 | N5: 11 | O5: 5 | P5: 15 | Q5: 12
A6: #cobblemon:end | B6: 태그 | C6: 1 | D6: 1 | E6: 0 | F6: uncommon:1 | H6: 2 | I6: 0 | J6: 1 | K6: 0 | L6: 0 | M6: 0 | N6: 0 | O6: 0 | P6: 0 | Q6: 0
A7: #cobblemon:has_block/mud | B7: 태그 | C7: 15 | D7: 3 | E7: 33 | F7: common:15 | H7: 2; 5; 9 | I7: 0 | J7: 5 | K7: 0 | L7: 0 | M7: 5 | N7: 0 | O7: 0 | P7: 0 | Q7: 5
A8: #cobblemon:is_arid | B8: 태그 | C8: 103 | D8: 42 | E8: 47 | F8: common:71; rare:7; ultra-rare:7; uncommon:18 | G8: region_02 | H8: 1; 2; 3; 4; 5; 6; 8; 9 | I8: 18 | J8: 10 | K8: 13 | L8: 4 | M8: 26 | N8: 4 | O8: 0 | P8: 6 | Q8: 22 | R8: data/cobblemon/tags/worldgen/biome/is_arid.json
A9: #cobblemon:is_badlands | B9: 태그 | C9: 88 | D9: 80 | E9: 17 | F9: common:45; rare:7; ultra-rare:15; uncommon:21 | H9: 1; 2; 3; 4; 5; 6; 7; 8; 9 | I9: 5 | J9: 8 | K9: 14 | L9: 9 | M9: 19 | N9: 4 | O9: 8 | P9: 5 | Q9: 16 | R9: data/cobblemon/tags/worldgen/biome/is_badlands.json
A10: #cobblemon:is_bamboo | B10: 태그 | C10: 32 | D10: 12 | E10: 8 | F10: common:6; rare:4; ultra-rare:9; uncommon:13 | H10: 1; 3; 6; 7; 9 | I10: 4 | J10: 0 | K10: 5 | L10: 0 | M10: 0 | N10: 9 | O10: 2 | P10: 0 | Q10: 12 | R10: data/cobblemon/tags/worldgen/biome/is_bamboo.json
A11: #cobblemon:is_beach | B11: 태그 | C11: 50 | D11: 24 | E11: 23 | F11: common:20; rare:1; ultra-rare:9; uncommon:20 | H11: 1; 2; 3; 4; 5; 7; 8; 9 | I11: 14 | J11: 9 | K11: 1 | L11: 4 | M11: 9 | N11: 0 | O11: 5 | P11: 5 | Q11: 3 | R11: data/cobblemon/tags/worldgen/biome/is_beach.json
A12: #cobblemon:is_cave | B12: 태그 | C12: 10 | D12: 7 | E12: 0 | F12: common:5; rare:1; ultra-rare:2; uncommon:2 | H12: 5; 8; 9 | I12: 0 | J12: 0 | K12: 0 | L12: 0 | M12: 3 | N12: 0 | O12: 0 | P12: 6 | Q12: 1 | R12: data/cobblemon/tags/worldgen/biome/is_cave.json
A13: #cobblemon:is_cherry_blossom | B13: 태그 | C13: 9 | D13: 3 | E13: 10 | F13: common:1; uncommon:8 | H13: 6; 9 | I13: 0 | J13: 0 | K13: 0 | L13: 0 | M13: 0 | N13: 1 | O13: 0 | P13: 0 | Q13: 8 | R13: data/cobblemon/tags/worldgen/biome/is_cherry_blossom.json
A14: #cobblemon:is_coast | B14: 태그 | C14: 129 | D14: 40 | E14: 7 | F14: common:57; ultra-rare:36; uncommon:36 | H14: 1; 3; 5; 6; 7; 8; 9 | I14: 22 | J14: 0 | K14: 2 | L14: 0 | M14: 9 | N14: 25 | O14: 32 | P14: 35 | Q14: 4 | R14: data/cobblemon/tags/worldgen/biome/is_coast.json
A15: #cobblemon:is_cold | B15: 태그 | C15: 9 | D15: 5 | E15: 9 | F15: common:2; rare:1; uncommon:6 | H15: 2; 5; 7; 8 | I15: 0 | J15: 3 | K15: 0 | L15: 0 | M15: 2 | N15: 0 | O15: 1 | P15: 3 | Q15: 0 | R15: data/cobblemon/tags/worldgen/biome/is_cold.json
A16: #cobblemon:is_cold_ocean | B16: 태그 | C16: 51 | D16: 17 | E16: 25 | F16: common:34; ultra-rare:9; uncommon:8 | H16: 1; 2; 3; 4; 5; 8 | I16: 10 | J16: 10 | K16: 6 | L16: 12 | M16: 3 | N16: 0 | O16: 0 | P16: 10 | Q16: 0 | R16: data/cobblemon/tags/worldgen/biome/is_cold_ocean.json
A17: #cobblemon:is_deep_dark | B17: 태그 | C17: 23 | D17: 23 | E17: 98 | F17: common:2; rare:4; ultra-rare:1; uncommon:16 | H17: 1; 2; 3; 4; 5; 6; 7 | I17: 5 | J17: 1 | K17: 5 | L17: 1 | M17: 8 | N17: 2 | O17: 1 | P17: 0 | Q17: 0 | R17: data/cobblemon/tags/worldgen/biome/is_deep_dark.json
A18: #cobblemon:is_deep_ocean | B18: 태그 | C18: 22 | D18: 11 | E18: 5 | F18: common:9; uncommon:13 | H18: 2; 3; 4; 5 | I18: 0 | J18: 4 | K18: 12 | L18: 4 | M18: 2 | N18: 0 | O18: 0 | P18: 0 | Q18: 0 | R18: data/cobblemon/tags/worldgen/biome/is_deep_ocean.json
A19: #cobblemon:is_desert | B19: 태그 | C19: 52 | D19: 48 | E19: 14 | F19: common:28; rare:5; ultra-rare:4; uncommon:15 | G19: region_02 | H19: 1; 2; 3; 4; 5; 6; 8; 9 | I19: 5 | J19: 1 | K19: 9 | L19: 10 | M19: 17 | N19: 4 | O19: 0 | P19: 2 | Q19: 4 | R19: data/cobblemon/tags/worldgen/biome/is_desert.json
A20: #cobblemon:is_dripstone | B20: 태그 | C20: 29 | D20: 15 | E20: 23 | F20: common:5; rare:9; ultra-rare:7; uncommon:8 | H20: 1; 2; 3; 5; 6 | I20: 4 | J20: 2 | K20: 13 | L20: 0 | M20: 1 | N20: 9 | O20: 0 | P20: 0 | Q20: 0 | R20: data/cobblemon/tags/worldgen/biome/is_dripstone.json
A21: #cobblemon:is_end | B21: 태그 | C21: 54 | D21: 27 | E21: 0 | F21: common:30; rare:6; ultra-rare:7; uncommon:11 | H21: 1; 2; 3; 4; 5; 6; 7; 8 | I21: 1 | J21: 28 | K21: 3 | L21: 1 | M21: 9 | N21: 5 | O21: 6 | P21: 1 | Q21: 0 | R21: data/cobblemon/tags/worldgen/biome/is_end.json
A22: #cobblemon:is_floral | B22: 태그 | C22: 68 | D22: 57 | E22: 12 | F22: common:33; rare:9; ultra-rare:10; uncommon:16 | H22: 1; 2; 3; 4; 5; 6; 7; 8; 9 | I22: 9 | J22: 11 | K22: 7 | L22: 6 | M22: 4 | N22: 8 | O22: 7 | P22: 10 | Q22: 6 | R22: data/cobblemon/tags/worldgen/biome/is_floral.json
A23: #cobblemon:is_forest | B23: 태그 | C23: 188 | D23: 130 | E23: 8 | F23: common:94; rare:18; ultra-rare:30; uncommon:46 | G23: region_01 | H23: 1; 2; 3; 4; 5; 6; 7; 8; 9 | I23: 22 | J23: 11 | K23: 27 | L23: 30 | M23: 30 | N23: 13 | O23: 12 | P23: 19 | Q23: 24 | R23: data/cobblemon/tags/worldgen/biome/is_forest.json
A24: #cobblemon:is_freezing | B24: 태그 | C24: 43 | D24: 26 | E24: 316 | F24: common:22; rare:2; ultra-rare:1; uncommon:18 | H24: 1; 2; 3; 4; 5; 6; 8; 9 | I24: 12 | J24: 2 | K24: 1 | L24: 7 | M24: 9 | N24: 5 | O24: 0 | P24: 6 | Q24: 1 | R24: data/cobblemon/tags/worldgen/biome/is_freezing.json
A25: #cobblemon:is_freshwater | B25: 태그 | C25: 166 | D25: 47 | E25: 0 | F25: common:113; rare:2; ultra-rare:30; uncommon:21 | G25: region_02 | H25: 1; 2; 3; 4; 5; 6; 7; 8; 9 | I25: 51 | J25: 6 | K25: 20 | L25: 17 | M25: 32 | N25: 10 | O25: 13 | P25: 12 | Q25: 5 | R25: data/cobblemon/tags/worldgen/biome/is_freshwater.json
A26: #cobblemon:is_frozen_ocean | B26: 태그 | C26: 81 | D26: 23 | E26: 42 | F26: common:61; ultra-rare:15; uncommon:5 | H26: 1; 2; 3; 4; 5; 6; 8; 9 | I26: 21 | J26: 4 | K26: 15 | L26: 21 | M26: 2 | N26: 9 | O26: 0 | P26: 7 | Q26: 2 | R26: data/cobblemon/tags/worldgen/biome/is_frozen_ocean.json
A27: #cobblemon:is_glacial | B27: 태그 | C27: 20 | D27: 17 | E27: 0 | F27: common:2; rare:3; ultra-rare:8; uncommon:7 | H27: 1; 3; 4; 6; 8; 9 | I27: 2 | J27: 0 | K27: 2 | L27: 7 | M27: 0 | N27: 1 | O27: 0 | P27: 1 | Q27: 7 | R27: data/cobblemon/tags/worldgen/biome/is_glacial.json
A28: #cobblemon:is_grassland | B28: 태그 | C28: 64 | D28: 34 | E28: 0 | F28: common:38; rare:2; ultra-rare:13; uncommon:11 | G28: region_01 | H28: 1; 2; 3; 4; 5; 7; 8; 9 | I28: 13 | J28: 2 | K28: 2 | L28: 3 | M28: 16 | N28: 0 | O28: 10 | P28: 5 | Q28: 13 | R28: data/cobblemon/tags/worldgen/biome/is_grassland.json
A29: #cobblemon:is_highlands | B29: 태그 | C29: 7 | D29: 5 | E29: 0 | F29: common:6; rare:1 | H29: 1; 2; 5 | I29: 3 | J29: 3 | K29: 0 | L29: 0 | M29: 1 | N29: 0 | O29: 0 | P29: 0 | Q29: 0 | R29: data/cobblemon/tags/worldgen/biome/is_highlands.json
A30: #cobblemon:is_hills | B30: 태그 | C30: 125 | D30: 79 | E30: 9 | F30: common:69; rare:10; ultra-rare:19; uncommon:27 | H30: 1; 2; 3; 4; 5; 6; 7; 8; 9 | I30: 49 | J30: 15 | K30: 21 | L30: 10 | M30: 9 | N30: 2 | O30: 7 | P30: 10 | Q30: 2 | R30: data/cobblemon/tags/worldgen/biome/is_hills.json
A31: #cobblemon:is_island | B31: 태그 | C31: 14 | D31: 5 | E31: 8 | F31: common:2; uncommon:12 | H31: 8; 9 | I31: 0 | J31: 0 | K31: 0 | L31: 0 | M31: 0 | N31: 0 | O31: 0 | P31: 2 | Q31: 12 | R31: data/cobblemon/tags/worldgen/biome/is_island.json
A32: #cobblemon:is_jungle | B32: 태그 | C32: 267 | D32: 170 | E32: 10 | F32: common:138; rare:12; ultra-rare:75; uncommon:42 | H32: 1; 2; 3; 4; 5; 6; 7; 8; 9 | I32: 59 | J32: 17 | K32: 40 | L32: 14 | M32: 44 | N32: 15 | O32: 34 | P32: 18 | Q32: 26 | R32: data/cobblemon/tags/worldgen/biome/is_jungle.json
A33: #cobblemon:is_lukewarm_ocean | B33: 태그 | C33: 24 | D33: 10 | E33: 1 | F33: common:17; uncommon:7 | H33: 1; 2; 4; 9 | I33: 4 | J33: 10 | K33: 0 | L33: 8 | M33: 0 | N33: 0 | O33: 0 | P33: 0 | Q33: 2 | R33: data/cobblemon/tags/worldgen/biome/is_lukewarm_ocean.json
A34: #cobblemon:is_lush | B34: 태그 | C34: 89 | D34: 54 | E34: 91 | F34: common:33; rare:8; ultra-rare:40; uncommon:8 | H34: 1; 2; 3; 4; 5; 6; 7; 9 | I34: 20 | J34: 12 | K34: 15 | L34: 6 | M34: 19 | N34: 13 | O34: 2 | P34: 0 | Q34: 2 | R34: data/cobblemon/tags/worldgen/biome/is_lush.json
A35: #cobblemon:is_magical | B35: 태그 | C35: 89 | D35: 52 | E35: 17 | F35: common:46; rare:9; ultra-rare:13; uncommon:21 | H35: 1; 2; 3; 4; 5; 6; 7; 8; 9 | I35: 43 | J35: 12 | K35: 6 | L35: 3 | M35: 2 | N35: 2 | O35: 2 | P35: 16 | Q35: 3 | R35: data/cobblemon/tags/worldgen/biome/is_magical.json
A36: #cobblemon:is_mountain | B36: 태그 | C36: 107 | D36: 73 | E36: 14 | F36: common:47; rare:15; ultra-rare:19; uncommon:26 | H36: 1; 2; 3; 4; 5; 6; 7; 8; 9 | I36: 9 | J36: 9 | K36: 10 | L36: 13 | M36: 29 | N36: 4 | O36: 7 | P36: 21 | Q36: 5 | R36: data/cobblemon/tags/worldgen/biome/is_mountain.json
A37: #cobblemon:is_mushroom | B37: 태그 | C37: 63 | D37: 25 | E37: 3 | F37: common:51; rare:2; ultra-rare:6; uncommon:4 | H37: 1; 2; 3; 5; 6; 7; 9 | I37: 17 | J37: 13 | K37: 14 | L37: 0 | M37: 14 | N37: 1 | O37: 2 | P37: 0 | Q37: 2 | R37: data/cobblemon/tags/worldgen/biome/is_mushroom.json
A38: #cobblemon:is_ocean | B38: 태그 | C38: 267 | D38: 78 | E38: 18 | F38: common:151; rare:10; ultra-rare:32; uncommon:74 | H38: 1; 2; 3; 4; 5; 6; 7; 8; 9 | I38: 54 | J38: 21 | K38: 28 | L38: 8 | M38: 27 | N38: 36 | O38: 22 | P38: 37 | Q38: 34 | R38: data/cobblemon/tags/worldgen/biome/is_ocean.json
A39: #cobblemon:is_overworld | B39: 태그 | C39: 672 | D39: 291 | E39: 0 | F39: common:398; rare:54; ultra-rare:28; uncommon:192 | G39: region_01; region_02 | H39: 1; 2; 3; 4; 5; 6; 7; 8; 9 | I39: 181 | J39: 95 | K39: 68 | L39: 52 | M39: 101 | N39: 79 | O39: 14 | P39: 38 | Q39: 44 | R39: data/cobblemon/tags/worldgen/biome/is_overworld.json
A40: #cobblemon:is_peak | B40: 태그 | C40: 17 | D40: 17 | E40: 2 | F40: common:2; rare:1; ultra-rare:6; uncommon:8 | H40: 1; 2; 3; 4; 7; 9 | I40: 2 | J40: 1 | K40: 9 | L40: 2 | M40: 0 | N40: 0 | O40: 2 | P40: 0 | Q40: 1 | R40: data/cobblemon/tags/worldgen/biome/is_peak.json
A41: #cobblemon:is_plains | B41: 태그 | C41: 63 | D41: 56 | E41: 5 | F41: common:28; rare:6; ultra-rare:6; uncommon:23 | G41: region_01 | H41: 1; 2; 3; 4; 5; 6; 7; 8; 9 | I41: 5 | J41: 10 | K41: 8 | L41: 3 | M41: 9 | N41: 3 | O41: 4 | P41: 17 | Q41: 4 | R41: data/cobblemon/tags/worldgen/biome/is_plains.json
A42: #cobblemon:is_plateau | B42: 태그 | C42: 2 | D42: 2 | E42: 0 | F42: common:2 | H42: 2 | I42: 0 | J42: 2 | K42: 0 | L42: 0 | M42: 0 | N42: 0 | O42: 0 | P42: 0 | Q42: 0 | R42: data/cobblemon/tags/worldgen/biome/is_plateau.json
A43: #cobblemon:is_river | B43: 태그 | C43: 29 | D43: 15 | E43: 0 | F43: common:15; ultra-rare:8; uncommon:6 | H43: 1; 2; 3; 5; 7; 9 | I43: 5 | J43: 8 | K43: 4 | L43: 0 | M43: 2 | N43: 0 | O43: 2 | P43: 0 | Q43: 8 | R43: data/cobblemon/tags/worldgen/biome/is_river.json
A44: #cobblemon:is_sandy | B44: 태그 | C44: 5 | D44: 5 | E44: 18 | F44: common:2; rare:1; uncommon:2 | G44: region_02 | H44: 4; 6 | I44: 0 | J44: 0 | K44: 0 | L44: 3 | M44: 0 | N44: 2 | O44: 0 | P44: 0 | Q44: 0 | R44: data/cobblemon/tags/worldgen/biome/is_sandy.json
A45: #cobblemon:is_savanna | B45: 태그 | C45: 84 | D45: 68 | E45: 3 | F45: common:48; rare:2; ultra-rare:10; uncommon:24 | H45: 1; 2; 3; 4; 5; 6; 7; 8; 9 | I45: 18 | J45: 9 | K45: 8 | L45: 4 | M45: 18 | N45: 6 | O45: 6 | P45: 2 | Q45: 13 | R45: data/cobblemon/tags/worldgen/biome/is_savanna.json
A46: #cobblemon:is_shrubland | B46: 태그 | C46: 1 | D46: 1 | E46: 0 | F46: uncommon:1 | H46: 6 | I46: 0 | J46: 0 | K46: 0 | L46: 0 | M46: 0 | N46: 1 | O46: 0 | P46: 0 | Q46: 0 | R46: data/cobblemon/tags/worldgen/biome/is_shrubland.json
A47: #cobblemon:is_sky | B47: 태그 | C47: 59 | D47: 48 | E47: 2 | F47: common:42; rare:4; ultra-rare:2; uncommon:11 | H47: 1; 2; 3; 4; 5; 6; 7; 8; 9 | I47: 6 | J47: 5 | K47: 7 | L47: 8 | M47: 11 | N47: 4 | O47: 4 | P47: 5 | Q47: 9 | R47: data/cobblemon/tags/worldgen/biome/is_sky.json
A48: #cobblemon:is_snowy | B48: 태그 | C48: 10 | D48: 4 | E48: 0 | F48: uncommon:10 | H48: 3; 4; 8 | I48: 0 | J48: 0 | K48: 1 | L48: 1 | M48: 0 | N48: 0 | O48: 0 | P48: 8 | Q48: 0 | R48: data/cobblemon/tags/worldgen/biome/is_snowy.json
A49: #cobblemon:is_snowy_forest | B49: 태그 | C49: 54 | D49: 35 | E49: 0 | F49: common:37; rare:8; ultra-rare:3; uncommon:6 | H49: 1; 2; 3; 4; 5; 6; 7; 8 | I49: 3 | J49: 5 | K49: 7 | L49: 13 | M49: 18 | N49: 2 | O49: 3 | P49: 3 | Q49: 0 | R49: data/cobblemon/tags/worldgen/biome/is_snowy_forest.json
A50: #cobblemon:is_snowy_taiga | B50: 태그 | C50: 13 | D50: 13 | E50: 0 | F50: common:5; ultra-rare:3; uncommon:5 | H50: 1; 2; 4; 5; 7; 8 | I50: 2 | J50: 1 | K50: 0 | L50: 4 | M50: 2 | N50: 0 | O50: 3 | P50: 1 | Q50: 0 | R50: data/cobblemon/tags/worldgen/biome/is_snowy_taiga.json
A51: #cobblemon:is_spooky | B51: 태그 | C51: 58 | D51: 46 | E51: 69 | F51: common:35; rare:4; ultra-rare:5; uncommon:14 | H51: 1; 2; 3; 4; 6; 7; 8; 9 | I51: 13 | J51: 10 | K51: 5 | L51: 6 | M51: 0 | N51: 4 | O51: 3 | P51: 13 | Q51: 4 | R51: data/cobblemon/tags/worldgen/biome/is_spooky.json
A52: #cobblemon:is_swamp | B52: 태그 | C52: 202 | D52: 76 | E52: 45 | F52: common:118; rare:18; ultra-rare:45; uncommon:21 | G52: region_02 | H52: 1; 2; 3; 4; 5; 6; 7; 8; 9 | I52: 23 | J52: 38 | K52: 37 | L52: 13 | M52: 33 | N52: 15 | O52: 1 | P52: 19 | Q52: 23 | R52: data/cobblemon/tags/worldgen/biome/is_swamp.json
A53: #cobblemon:is_taiga | B53: 태그 | C53: 99 | D53: 64 | E53: 10 | F53: common:67; rare:1; ultra-rare:8; uncommon:23 | H53: 1; 2; 3; 4; 5; 6; 7; 8 | I53: 8 | J53: 15 | K53: 6 | L53: 21 | M53: 17 | N53: 6 | O53: 5 | P53: 21 | Q53: 0 | R53: data/cobblemon/tags/worldgen/biome/is_taiga.json
A54: #cobblemon:is_temperate | B54: 태그 | C54: 95 | D54: 51 | E54: 1 | F54: common:68; rare:6; ultra-rare:21 | G54: region_01 | H54: 1; 2; 3; 4; 5; 6; 8; 9 | I54: 48 | J54: 16 | K54: 16 | L54: 2 | M54: 2 | N54: 2 | O54: 0 | P54: 4 | Q54: 5 | R54: data/cobblemon/tags/worldgen/biome/is_temperate.json
A55: #cobblemon:is_temperate_ocean | B55: 태그 | C55: 0 | D55: 0 | E55: 1 | I55: 0 | J55: 0 | K55: 0 | L55: 0 | M55: 0 | N55: 0 | O55: 0 | P55: 0 | Q55: 0 | R55: data/cobblemon/tags/worldgen/biome/is_temperate_ocean.json
A56: #cobblemon:is_thermal | B56: 태그 | C56: 12 | D56: 6 | E56: 15 | F56: common:1; rare:3; uncommon:8 | H56: 3; 4; 9 | I56: 0 | J56: 0 | K56: 1 | L56: 3 | M56: 0 | N56: 0 | O56: 0 | P56: 0 | Q56: 8 | R56: data/cobblemon/tags/worldgen/biome/is_thermal.json
A57: #cobblemon:is_tropical_island | B57: 태그 | C57: 121 | D57: 73 | E57: 1 | F57: common:54; rare:4; ultra-rare:33; uncommon:30 | H57: 1; 2; 3; 4; 5; 6; 7; 8; 9 | I57: 52 | J57: 7 | K57: 3 | L57: 2 | M57: 11 | N57: 2 | O57: 28 | P57: 11 | Q57: 5 | R57: data/cobblemon/tags/worldgen/biome/is_tropical_island.json
A58: #cobblemon:is_tundra | B58: 태그 | C58: 45 | D58: 22 | E58: 16 | F58: common:25; rare:1; ultra-rare:6; uncommon:13 | H58: 2; 3; 4; 5; 6; 8; 9 | I58: 0 | J58: 5 | K58: 2 | L58: 8 | M58: 14 | N58: 1 | O58: 0 | P58: 12 | Q58: 3 | R58: data/cobblemon/tags/worldgen/biome/is_tundra.json
A59: #cobblemon:is_volcanic | B59: 태그 | C59: 28 | D59: 20 | E59: 35 | F59: common:15; ultra-rare:3; uncommon:10 | H59: 1; 2; 3; 4; 5; 7; 8; 9 | I59: 6 | J59: 5 | K59: 2 | L59: 1 | M59: 2 | N59: 0 | O59: 2 | P59: 2 | Q59: 8 | R59: data/cobblemon/tags/worldgen/biome/is_volcanic.json
A60: #cobblemon:is_warm_ocean | B60: 태그 | C60: 64 | D60: 21 | E60: 5 | F60: common:40; rare:5; uncommon:19 | H60: 1; 2; 3; 4; 6; 7; 8; 9 | I60: 4 | J60: 17 | K60: 9 | L60: 8 | M60: 0 | N60: 1 | O60: 19 | P60: 4 | Q60: 2 | R60: data/cobblemon/tags/worldgen/biome/is_warm_ocean.json
A61: #cobblemon:lush | B61: 태그 | C61: 1 | D61: 1 | E61: 0 | F61: uncommon:1 | H61: 5 | I61: 0 | J61: 0 | K61: 0 | L61: 0 | M61: 1 | N61: 0 | O61: 0 | P61: 0 | Q61: 0
A62: #cobblemon:nether/is_basalt | B62: 태그 | C62: 17 | D62: 17 | E62: 0 | F62: common:10; ultra-rare:3; uncommon:4 | H62: 1; 2; 3; 4; 7; 8 | I62: 6 | J62: 4 | K62: 1 | L62: 1 | M62: 0 | N62: 0 | O62: 3 | P62: 2 | Q62: 0
A63: #cobblemon:nether/is_crimson | B63: 태그 | C63: 8 | D63: 8 | E63: 0 | F63: ultra-rare:6; uncommon:2 | H63: 2; 5 | I63: 0 | J63: 3 | K63: 0 | L63: 0 | M63: 5 | N63: 0 | O63: 0 | P63: 0 | Q63: 0
A64: #cobblemon:nether/is_desert | B64: 태그 | C64: 7 | D64: 7 | E64: 3 | F64: common:6; uncommon:1 | H64: 1; 7; 9 | I64: 2 | J64: 0 | K64: 0 | L64: 0 | M64: 0 | N64: 0 | O64: 2 | P64: 0 | Q64: 3
A65: #cobblemon:nether/is_forest | B65: 태그 | C65: 19 | D65: 19 | E65: 0 | F65: common:11; ultra-rare:6; uncommon:2 | H65: 1; 2; 4; 5; 6; 8 | I65: 2 | J65: 3 | K65: 0 | L65: 3 | M65: 5 | N65: 3 | O65: 0 | P65: 3 | Q65: 0
A66: #cobblemon:nether/is_frozen | B66: 태그 | C66: 9 | D66: 9 | E66: 4 | F66: common:6; uncommon:3 | H66: 3; 4; 5; 6 | I66: 0 | J66: 0 | K66: 2 | L66: 1 | M66: 4 | N66: 2 | O66: 0 | P66: 0 | Q66: 0
A67: #cobblemon:nether/is_fungus | B67: 태그 | C67: 14 | D67: 14 | E67: 0 | F67: common:14 | H67: 1; 3; 5; 6; 7; 9 | I67: 2 | J67: 0 | K67: 2 | L67: 0 | M67: 3 | N67: 3 | O67: 2 | P67: 0 | Q67: 2
A68: #cobblemon:nether/is_mountain | B68: 태그 | C68: 4 | D68: 4 | E68: 0 | F68: common:4 | H68: 2; 4; 5 | I68: 0 | J68: 1 | K68: 0 | L68: 1 | M68: 2 | N68: 0 | O68: 0 | P68: 0 | Q68: 0
A69: #cobblemon:nether/is_overgrowth | B69: 태그 | C69: 14 | D69: 14 | E69: 0 | F69: common:6; ultra-rare:6; uncommon:2 | H69: 1; 2; 3; 5; 6; 9 | I69: 2 | J69: 3 | K69: 2 | L69: 0 | M69: 3 | N69: 2 | O69: 0 | P69: 0 | Q69: 2
A70: #cobblemon:nether/is_quartz | B70: 태그 | C70: 7 | D70: 7 | E70: 2 | F70: common:5; uncommon:2 | H70: 2; 8; 9 | I70: 0 | J70: 1 | K70: 0 | L70: 0 | M70: 0 | N70: 0 | O70: 0 | P70: 1 | Q70: 5
A71: #cobblemon:nether/is_soul_fire | B71: 태그 | C71: 3 | D71: 3 | E71: 0 | F71: common:3 | H71: 5 | I71: 0 | J71: 0 | K71: 0 | L71: 0 | M71: 3 | N71: 0 | O71: 0 | P71: 0 | Q71: 0
A72: #cobblemon:nether/is_soul_sand | B72: 태그 | C72: 3 | D72: 3 | E72: 0 | F72: common:3 | H72: 3; 4 | I72: 0 | J72: 0 | K72: 2 | L72: 1 | M72: 0 | N72: 0 | O72: 0 | P72: 0 | Q72: 0
A73: #cobblemon:nether/is_toxic | B73: 태그 | C73: 0 | D73: 0 | E73: 2 | I73: 0 | J73: 0 | K73: 0 | L73: 0 | M73: 0 | N73: 0 | O73: 0 | P73: 0 | Q73: 0
A74: #cobblemon:nether/is_warped | B74: 태그 | C74: 5 | D74: 5 | E74: 7 | F74: common:5 | H74: 2; 4; 8 | I74: 0 | J74: 1 | K74: 0 | L74: 1 | M74: 0 | N74: 0 | O74: 0 | P74: 3 | Q74: 0
A75: #cobblemon:nether/is_wasteland | B75: 태그 | C75: 15 | D75: 15 | E75: 0 | F75: common:11; ultra-rare:3; uncommon:1 | H75: 1; 2; 3; 4; 6; 8; 9 | I75: 3 | J75: 3 | K75: 2 | L75: 1 | M75: 0 | N75: 1 | O75: 0 | P75: 2 | Q75: 3
A76: #minecraft:is_badlands | B76: 태그 | C76: 1 | D76: 1 | E76: 0 | F76: rare:1 | H76: 1 | I76: 1 | J76: 0 | K76: 0 | L76: 0 | M76: 0 | N76: 0 | O76: 0 | P76: 0 | Q76: 0
A77: #minecraft:is_beach | B77: 태그 | C77: 4 | D77: 4 | E77: 0 | F77: common:1; rare:1; ultra-rare:2 | H77: 1; 7 | I77: 2 | J77: 0 | K77: 0 | L77: 0 | M77: 0 | N77: 0 | O77: 2 | P77: 0 | Q77: 0
A78: #minecraft:is_end | B78: 태그 | C78: 5 | D78: 5 | E78: 0 | F78: ultra-rare:5 | H78: 7 | I78: 0 | J78: 0 | K78: 0 | L78: 0 | M78: 0 | N78: 0 | O78: 5 | P78: 0 | Q78: 0
A79: #minecraft:is_forest | B79: 태그 | C79: 1 | D79: 1 | E79: 0 | F79: ultra-rare:1 | G79: region_01 | H79: 7 | I79: 0 | J79: 0 | K79: 0 | L79: 0 | M79: 0 | N79: 0 | O79: 1 | P79: 0 | Q79: 0
A80: #minecraft:is_jungle | B80: 태그 | C80: 1 | D80: 1 | E80: 0 | F80: rare:1 | H80: 1 | I80: 1 | J80: 0 | K80: 0 | L80: 0 | M80: 0 | N80: 0 | O80: 0 | P80: 0 | Q80: 0
A81: #minecraft:is_nether | B81: 태그 | C81: 18 | D81: 18 | E81: 0 | F81: common:8; rare:1; uncommon:9 | H81: 1; 2; 5; 6; 8; 9 | I81: 3 | J81: 4 | K81: 0 | L81: 0 | M81: 4 | N81: 3 | O81: 0 | P81: 1 | Q81: 3
A82: #minecraft:is_overworld | B82: 태그 | C82: 1 | D82: 1 | E82: 0 | F82: uncommon:1 | G82: region_01; region_02 | H82: 3 | I82: 0 | J82: 0 | K82: 1 | L82: 0 | M82: 0 | N82: 0 | O82: 0 | P82: 0 | Q82: 0
A83: #minecraft:is_savanna | B83: 태그 | C83: 1 | D83: 1 | E83: 0 | F83: rare:1 | H83: 1 | I83: 1 | J83: 0 | K83: 0 | L83: 0 | M83: 0 | N83: 0 | O83: 0 | P83: 0 | Q83: 0
A84: #the_bumblezone:the_bumblezone | B84: 태그 | C84: 11 | D84: 11 | E84: 0 | F84: common:5; uncommon:6 | H84: 1; 2; 3; 4 | I84: 3 | J84: 1 | K84: 4 | L84: 3 | M84: 0 | N84: 0 | O84: 0 | P84: 0 | Q84: 0
A85: aether:skyroot_forest | B85: 바이옴 | C85: 48 | D85: 48 | E85: 0 | F85: common:25; rare:5; ultra-rare:7; uncommon:11 | H85: 1; 2; 3; 4; 5; 6; 7; 8 | I85: 12 | J85: 4 | K85: 13 | L85: 5 | M85: 2 | N85: 3 | O85: 4 | P85: 5 | Q85: 0
A86: aether:skyroot_grove | B86: 바이옴 | C86: 33 | D86: 33 | E86: 0 | F86: common:18; rare:7; ultra-rare:7; uncommon:1 | H86: 1; 2; 3; 4; 5; 6; 8 | I86: 4 | J86: 8 | K86: 9 | L86: 2 | M86: 2 | N86: 1 | O86: 0 | P86: 7 | Q86: 0
A87: aether:skyroot_meadow | B87: 바이옴 | C87: 33 | D87: 33 | E87: 0 | F87: common:18; rare:7; ultra-rare:7; uncommon:1 | H87: 1; 2; 3; 4; 5; 6; 8 | I87: 4 | J87: 8 | K87: 9 | L87: 2 | M87: 2 | N87: 1 | O87: 0 | P87: 7 | Q87: 0
A88: aether:skyroot_woodland | B88: 바이옴 | C88: 48 | D88: 48 | E88: 0 | F88: common:25; rare:5; ultra-rare:7; uncommon:11 | H88: 1; 2; 3; 4; 5; 6; 7; 8 | I88: 12 | J88: 4 | K88: 13 | L88: 5 | M88: 2 | N88: 3 | O88: 4 | P88: 5 | Q88: 0
A89: biomesoplenty:crystalline_chasm | B89: 바이옴 | C89: 2 | D89: 2 | E89: 0 | F89: common:2 | H89: 9 | I89: 0 | J89: 0 | K89: 0 | L89: 0 | M89: 0 | N89: 0 | O89: 0 | P89: 0 | Q89: 2
A90: byg:warped_desert | B90: 바이옴 | C90: 2 | D90: 2 | E90: 0 | F90: common:2 | H90: 2; 8 | I90: 0 | J90: 1 | K90: 0 | L90: 0 | M90: 0 | N90: 0 | O90: 0 | P90: 1 | Q90: 0
A91: cobbleverse:custom_spawn | B91: 바이옴 | C91: 12 | D91: 12 | E91: 0 | F91: ultra-rare:12 | H91: 4; 8 | I91: 0 | J91: 0 | K91: 0 | L91: 11 | M91: 0 | N91: 0 | O91: 0 | P91: 1 | Q91: 0
A92: cobbleverse:custom_spawn/articuno_tower | B92: 바이옴 | C92: 1 | D92: 1 | E92: 0 | F92: ultra-rare:1 | H92: 1 | I92: 1 | J92: 0 | K92: 0 | L92: 0 | M92: 0 | N92: 0 | O92: 0 | P92: 0 | Q92: 0
A93: cobbleverse:custom_spawn/bell_tower | B93: 바이옴 | C93: 1 | D93: 1 | E93: 0 | F93: ultra-rare:1 | H93: 2 | I93: 0 | J93: 1 | K93: 0 | L93: 0 | M93: 0 | N93: 0 | O93: 0 | P93: 0 | Q93: 0
A94: cobbleverse:custom_spawn/crown_cemetery | B94: 바이옴 | C94: 1 | D94: 1 | E94: 0 | F94: ultra-rare:1 | H94: 8 | I94: 0 | J94: 0 | K94: 0 | L94: 0 | M94: 0 | N94: 0 | O94: 0 | P94: 1 | Q94: 0
... A129: minecraft:deep_dark | B129: 바이옴 | C129: 4 | D129: 4 | E129: 0 | F129: common:2; rare:1; ultra-rare:1 | H129: 1; 7; 9 | I129: 2 | J129: 0 | K129: 0 | L129: 0 | M129: 0 | N129: 0 | O129: 1 | P129: 0 | Q129: 1
A130: minecraft:desert | B130: 바이옴 | C130: 1 | D130: 1 | E130: 0 | F130: rare:1 | G130: region_02 | H130: 9 | I130: 0 | J130: 0 | K130: 0 | L130: 0 | M130: 0 | N130: 0 | O130: 0 | P130: 0 | Q130: 1
A131: minecraft:dripstone_caves | B131: 바이옴 | C131: 1 | D131: 1 | E131: 0 | F131: ultra-rare:1 | H131: 6 | I131: 0 | J131: 0 | K131: 0 | L131: 0 | M131: 0 | N131: 1 | O131: 0 | P131: 0 | Q131: 0
A132: minecraft:flower_forest | B132: 바이옴 | C132: 2 | D132: 2 | E132: 0 | F132: common:1; rare:1 | H132: 6 | I132: 0 | J132: 0 | K132: 0 | L132: 0 | M132: 0 | N132: 2 | O132: 0 | P132: 0 | Q132: 0
A133: minecraft:frozen_peaks | B133: 바이옴 | C133: 3 | D133: 3 | E133: 0 | F133: rare:1; uncommon:2 | H133: 5; 6 | I133: 0 | J133: 0 | K133: 0 | L133: 0 | M133: 2 | N133: 1 | O133: 0 | P133: 0 | Q133: 0
A134: minecraft:frozen_river | B134: 바이옴 | C134: 6 | D134: 3 | E134: 0 | F134: ultra-rare:6 | H134: 4 | I134: 0 | J134: 0 | K134: 0 | L134: 6 | M134: 0 | N134: 0 | O134: 0 | P134: 0 | Q134: 0
A135: minecraft:ice_spikes | B135: 바이옴 | C135: 3 | D135: 3 | E135: 0 | F135: rare:1; ultra-rare:1; uncommon:1 | H135: 5 | I135: 0 | J135: 0 | K135: 0 | L135: 0 | M135: 3 | N135: 0 | O135: 0 | P135: 0 | Q135: 0
...

Sheet 바이옴_태그
A1: Cobblemon 바이옴 태그 정의
A2: Cobblemon 1.7.3 태그의 직접 values를 기록했습니다. 외부 모드 태그와 Minecraft 내부 태그는 완전 전개하지 않았으므로 프로젝트 지역 후보는 참고용입니다.
A4: 태그 | B4: 직접값수 | C4: 직접포함값 | D4: 프로젝트바이옴_해석 | E4: 원본경로 | F4: 해석주의
A5: #cobblemon:is_arid | B5: 3 | C5: #cobblemon:is_badlands; #cobblemon:is_desert; #cobblemon:is_savanna | D5: minecraft:desert | E5: data/cobblemon/tags/worldgen/biome/is_arid.json
A6: #cobblemon:is_badlands | B6: 8 | C6: #minecraft:is_badlands; #c:is_badlands; #clifftree:dry_badlands; terralith:ashen_savanna; terralith:red_oasis; terralith:warped_mesa; terralith:white_mesa; wythers:danakil_desert | E6: data/cobblemon/tags/worldgen/biome/is_badlands.json | F6: 외부/바닐라 중첩 태그는 부분 해석
A7: #cobblemon:is_bamboo | B7: 13 | C7: minecraft:bamboo_jungle; byg:bamboo_forest; wythers:bamboo_jungle_canyon; wythers:bamboo_jungle_highlands; wythers:bamboo_jungle_swamp; wythers:bamboo_swamp; wythers:jade_highlands; wythers:maple_mountains; wythers:mushroom_island; wythers:sakura_forest; wythers:sandy_jungle; wythers:sparse_bamboo_jungle; wythers:waterlily_swamp | E7: data/cobblemon/tags/worldgen/biome/is_bamboo.json
A8: #cobblemon:is_beach | B8: 4 | C8: #minecraft:is_beach; biomesoplenty:dune_beach; wythers:guelta; wythers:sand_dunes | E8: data/cobblemon/tags/worldgen/biome/is_beach.json | F8: 외부/바닐라 중첩 태그는 부분 해석
A9: #cobblemon:is_cave | B9: 29 | C9: minecraft:dripstone_caves; minecraft:lush_caves; #c:is_cave; #c:is_underground; #clifftree:all_caves; biomesoplenty:glowing_grotto; biomesoplenty:spider_nest; terralith:cave/andesite_caves; terralith:cave/desert_caves; terralith:cave/diorite_caves; terralith:cave/fungal_caves; terralith:cave/granite_caves; terralith:cave/infested_caves; terralith:cave/thermal_caves; terralith:cave/underground_jungle; wythers:calcite_caverns; wythers:deep_dark_incursion; wythers:deep_underground; wythers:fungous_dripstone_caves; wythers:lichenous_caves; wythers:lichenous_dripstone_caves; wythers:lush_dripstone_caves; wythers:lush_fungous_dripstone_caves; wythers:lush_shroom_caves; wythers:mossy_caves; wythers:mossy_dripstone_caves; wythers:mushroom_caves; wythers:underground; wythers:volcanic_chamber | E9: data/cobblemon/tags/worldgen/biome/is_cave.json | F9: 외부/바닐라 중첩 태그는 부분 해석
A10: #cobblemon:is_cherry_blossom | B10: 7 | C10: minecraft:cherry_grove; blooming_biosphere:snowy_cherry_grove; byg:cherry_blossom_forest; byg:bamboo_forest; terralith:sakura_grove; terralith:sakura_valley; wythers:sakura_forest | E10: data/cobblemon/tags/worldgen/biome/is_cherry_blossom.json
A11: #cobblemon:is_coast | B11: 22 | C11: minecraft:stony_shore; #cobblemon:is_beach; #c:is_beach; #c:is_stony_shores; #clifftree:is_cliff; blooming_biosphere:tidepools; terralith:basalt_cliffs; terralith:granite_cliffs; terralith:white_cliffs; wythers:calcite_coast; wythers:coastal_mangroves; wythers:cold_island; wythers:cold_stony_shore; wythers:deepslate_shore; wythers:frigid_island; wythers:frozen_island; wythers:gravelly_beach; wythers:icy_shore; wythers:mediterranean_island; wythers:temperate_island; wythers:tropical_island; wythers:warm_stony_shore | E11: data/cobblemon/tags/worldgen/biome/is_coast.json | F11: 외부/바닐라 중첩 태그는 부분 해석
A12: #cobblemon:is_cold | B12: 21 | C12: #cobblemon:is_cold_ocean; #cobblemon:is_freezing; #cobblemon:is_peak; #cobblemon:is_taiga; #cobblemon:is_tundra; #byg:is_cold; #c:is_cold; #c:is_cold/overworld; biomesoplenty:aspen_forest; biomesoplenty:bog; biomesoplenty:cold_desert; biomesoplenty:dead_forest; biomesoplenty:hot_springs; biomesoplenty:maple_woods; biomesoplenty:old_growth_dead_forest; biomesoplenty:pumpkin_patch; biomesoplenty:seasonal_forest; biomesoplenty:seasonal_orchard; clifftree:cold_caves; clifftree:cold_river; wythers:berry_bog | E12: data/cobblemon/tags/worldgen/biome/is_cold.json | F12: 외부/바닐라 중첩 태그는 부분 해석
A13: #cobblemon:is_cold_ocean | B13: 2 | C13: minecraft:cold_ocean; minecraft:deep_cold_ocean | E13: data/cobblemon/tags/worldgen/biome/is_cold_ocean.json
A14: #cobblemon:is_deep_dark | B14: 8 | C14: minecraft:deep_dark; terralith:cave/crystal_caves; terralith:cave/deep_caves; terralith:cave/frostfire_caves; terralith:cave/mantle_caves; terralith:cave/tuff_caves; wythers:deep_dark_forest; wythers:deep_dark_incursion | E14: data/cobblemon/tags/worldgen/biome/is_deep_dark.json
A15: #cobblemon:is_deep_ocean | B15: 3 | C15: #minecraft:is_deep_ocean; #c:is_deep_ocean; wythers:deep_icy_ocean | E15: data/cobblemon/tags/worldgen/biome/is_deep_ocean.json | F15: 외부/바닐라 중첩 태그는 부분 해석
A16: #cobblemon:is_desert | B16: 22 | C16: minecraft:desert; #byg:is_desert; #c:is_desert; #clifftree:is_desert; #wythers:is_desert; biomesoplenty:lush_desert; clifftree:desert_cliff; darkerdepths:sandy_catacombs; terralith:ancient_sands; terralith:desert_canyon; terralith:cave/desert_caves; terralith:desert_oasis; terralith:desert_spires; terralith:lush_desert; terralith:red_oasis; terralith:sandstone_valley; wythers:badlands_desert; wythers:desert_island; wythers:kwongan_heath; wythers:outback_desert; wythers:red_desert; wythers:sandy_jungle | D16: minecraft:desert | E16: data/cobblemon/tags/worldgen/biome/is_desert.json | F16: 외부/바닐라 중첩 태그는 부분 해석
A17: #cobblemon:is_dripstone | B17: 10 | C17: minecraft:dripstone_caves; terralith:fractured_savanna; biomesoplenty:fungal_jungle; byg:dead_sea; terralith:stony_spires; wythers:fungous_dripstone_caves; wythers:lichenous_dripstone_caves; wythers:lush_dripstone_caves; wythers:lush_fungous_dripstone_caves; wythers:mossy_dripstone_caves | E17: data/cobblemon/tags/worldgen/biome/is_dripstone.json
A18: #cobblemon:is_end | B18: 4 | C18: #minecraft:is_end; #c:is_end; endercon:end_border; endercon:end_hallows | E18: data/cobblemon/tags/worldgen/biome/is_end.json | F18: 외부/바닐라 중첩 태그는 부분 해석
A19: #cobblemon:is_floral | B19: 31 | C19: minecraft:cherry_grove; minecraft:flower_forest; minecraft:meadow; minecraft:sunflower_plains; #cobblemon:is_cherry_blossom; #byg:is_floral; #c:is_floral; #c:flower_forest; biomesoplenty:field; biomesoplenty:highland_moor; biomesoplenty:lavender_field; biomesoplenty:lavender_forest; biomesoplenty:lush_savanna; biomesoplenty:mystic_grove; biomesoplenty:orchard; byg:amaranth_fields; byg:allium_fields; byg:rose_fields; byg:skyris_vale; byg:orchard; terralith:blooming_plateau; terralith:blooming_valley; terralith:cloud_forest; terralith:lavender_forest; terralith:lavender_valley; wythers:autumnal_flower_forest; wythers:flowering_pantanal; wythers:jacaranda_savanna; wythers:lapacho_plains; wythers:spring_flower_fields; wythers:spring_flower_forest | E19: data/cobblemon/tags/worldgen/biome/is_floral.json | F19: 외부/바닐라 중첩 태그는 부분 해석
A20: #cobblemon:is_forest | B20: 35 | C20: #minecraft:is_forest; minecraft:cherry_grove; #c:is_flower_forest; #c:is_forest; #c:tree/deciduous; biomesoplenty:lavender_forest; biomesoplenty:maple_woods; biomesoplenty:mediterranean_forest; biomesoplenty:mystic_grove; biomesoplenty:old_growth_woodland; biomesoplenty:ominous_woods; biomesoplenty:orchard; biomesoplenty:origin_valley; biomesoplenty:prairie; biomesoplenty:seasonal_forest; biomesoplenty:seasonal_orchard; biomesoplenty:woodland; blooming_biosphere:autumnal_forest; blooming_biosphere:oak_woodland; terralith:alpha_islands; terralith:alpha_islands_winter; terralith:blooming_valley; terralith:forested_highlands; terralith:lavender_forest; terralith:lavender_valley; terralith:mirage_isles; terralith:sakura_grove; terralith:sakura_valley; terralith:temperate_highlands; wythers:dry_tropical_forest; wythers:birch_taiga; wythers:boreal_forest_red; wythers:boreal_forest_yellow; wythers:tangled_forest; wythers:tropical_forest | D20: minecraft:forest | E20: data/cobblemon/tags/worldgen/biome/is_forest.json | F20: 외부/바닐라 중첩 태그는 부분 해석
A21: #cobblemon:is_freezing | B21: 22 | C21: minecraft:frozen_river; minecraft:jagged_peaks; minecraft:snowy_beach; minecraft:snowy_plains; minecraft:snowy_slopes; #cobblemon:is_frozen_ocean; #cobblemon:is_glacial; #cobblemon:is_snowy; #byg:is_snowy; #c:snowy; byg:cardinal_tundra; clifftree:frozen_caves; terralith:emerald_peaks; terralith:scarlet_mountains; terralith:skylands_winter; terralith:snowy_badlands; wythers:crimson_tundra; wythers:frozen_island; wythers:snowy_bog; wythers:snowy_canyon; wythers:snowy_peaks; wythers:snowy_tundra | E21: data/cobblemon/tags/worldgen/biome/is_freezing.json | F21: 외부/바닐라 중첩 태그는 부분 해석
A22: #cobblemon:is_freshwater | B22: 5 | C22: #cobblemon:is_river; #cobblemon:is_swamp; wythers:desert_lakes; wythers:guelta; wythers:tropical_forest_river | D22: minecraft:swamp | E22: data/cobblemon/tags/worldgen/biome/is_freshwater.json
A23: #cobblemon:is_frozen_ocean | B23: 5 | C23: minecraft:deep_frozen_ocean; minecraft:frozen_ocean; terralith:frozen_cliffs; wythers:deep_icy_ocean; wythers:icy_ocean | E23: data/cobblemon/tags/worldgen/biome/is_frozen_ocean.json
A24: #cobblemon:is_glacial | B24: 13 | C24: minecraft:frozen_peaks; minecraft:ice_spikes; #byg:is_icy; #c:is_icy; clifftree:glacier_cliff; clifftree:glacier_valley; terralith:cave/frostfire_caves; terralith:frozen_cliffs; terralith:glacial_chasm; wythers:glacial_cliffs; wythers:ice_cap; wythers:icy_crags; wythers:frozen_island | E24: data/cobblemon/tags/worldgen/biome/is_glacial.json | F24: 외부/바닐라 중첩 태그는 부분 해석
A25: #cobblemon:is_grassland | B25: 2 | C25: #cobblemon:is_plains; #cobblemon:is_savanna | D25: minecraft:plains | E25: data/cobblemon/tags/worldgen/biome/is_grassland.json
A26: #cobblemon:is_highlands | B26: 15 | C26: minecraft:meadow; biomesoplenty:highland; biomesoplenty:highland_moor; terralith:alpine_highlands; terralith:arid_highlands; terralith:blooming_plateau; terralith:highlands; wythers:bamboo_jungle_highlands; wythers:eucalyptus_deanei_forest; wythers:forested_highlands; wythers:highlands; wythers:huangshan_highlands; wythers:highland_tropical_rainforest; wythers:jade_highlands; wythers:wistman_woods | E26: data/cobblemon/tags/worldgen/biome/is_highlands.json
A27: #cobblemon:is_hills | B27: 24 | C27: #minecraft:is_hill; #cobblemon:is_highlands; #c:is_hill; #c:is_mountain/slope; #c:is_windswept; biomesoplenty:jade_cliffs; biomesoplenty:mediterranean_forest; terralith:blooming_valley; terralith:forested_highlands; terralith:lavender_valley; terralith:lush_valley; terralith:moonlight_valley; terralith:sakura_valley; terralith:savanna_slopes; terralith:temperate_highlands; terralith:yosemite_lowlands; wythers:autumnal_crags; wythers:ayers_rock; wythers:icy_crags; wythers:old_growth_taiga_crags; wythers:taiga_crags; wythers:temperate_rainforest_crags; wythers:thermal_taiga_crags; wythers:windswept_jungle | E27: data/cobblemon/tags/worldgen/biome/is_hills.json | F27: 외부/바닐라 중첩 태그는 부분 해석
A28: #cobblemon:is_island | B28: 17 | C28: minecraft:mushroom_fields; #cobblemon:is_tropical_island; byg:lush_stacks; terralith:alpha_islands; terralith:alpha_islands_winter; terralith:mirage_isles; terralith:warped_mesa; wythers:cold_island; wythers:desert_island; wythers:frigid_island; wythers:frozen_island; wythers:jungle_island; wythers:mediterranean_island; wythers:mediterranean_island_thermal_springs; wythers:mushroom_island; wythers:temperate_island; wythers:tropical_island | E28: data/cobblemon/tags/worldgen/biome/is_island.json
A29: #cobblemon:is_jungle | B29: 20 | C29: #minecraft:is_jungle; #c:is_jungle; terralith:cave/underground_jungle; biomesoplenty:floodplain; biomesoplenty:rainforest; blooming_biosphere:rainforest; clifftree:tropical_river; wythers:dripleaf_swamp; wythers:eucalyptus_deanei_forest; wythers:highland_tropical_rainforest; wythers:humid_tropical_grassland; wythers:jungle_canyon; wythers:subtropical_forest; wythers:subtropical_forest_edge; wythers:subtropical_grassland; wythers:tropical_forest; wythers:tropical_forest_canyon; wythers:tropical_grassland; wythers:tropical_island; wythers:tropical_rainforest | E29: data/cobblemon/tags/worldgen/biome/is_jungle.json | F29: 외부/바닐라 중첩 태그는 부분 해석
A30: #cobblemon:is_lukewarm_ocean | B30: 5 | C30: minecraft:deep_lukewarm_ocean; minecraft:lukewarm_ocean; wythers:tropical_beach; wythers:tropical_island; wythers:warm_stony_shore | E30: data/cobblemon/tags/worldgen/biome/is_lukewarm_ocean.json
A31: #cobblemon:is_lush | B31: 11 | C31: minecraft:lush_caves; #c:is_lush; byg:lush_stacks; terralith:cave/fungal_caves; terralith:cave/underground_jungle; wythers:dripleaf_swamp; wythers:lichenous_caves; wythers:lichenous_dripstone_caves; wythers:lush_dripstone_caves; wythers:lush_fungous_dripstone_caves; wythers:lush_shroom_caves | E31: data/cobblemon/tags/worldgen/biome/is_lush.json | F31: 외부/바닐라 중첩 태그는 부분 해석
A32: #cobblemon:is_magical | B32: 15 | C32: minecraft:dark_forest; #byg:is_magical; #c:is_magical; #wythers:is_dark_forest; biomesoplenty:aspen_forest; biomesoplenty:mystic_grove; byg:skyris_vale; terralith:amethyst_canyon; terralith:amethyst_rainforest; terralith:mirage_isles; terralith:moonlight_grove; terralith:moonlight_valley; wythers:lantern_river; wythers:mushroom_island; wythers:snowy_thermal_taiga | E32: data/cobblemon/tags/worldgen/biome/is_magical.json | F32: 외부/바닐라 중첩 태그는 부분 해석
A33: #cobblemon:is_mirage_island | B33: 1 | C33: terralith:mirage_isles | E33: data/cobblemon/tags/worldgen/biome/is_mirage_island.json
A34: #cobblemon:is_mountain | B34: 13 | C34: #minecraft:is_mountain; #cobblemon:is_hills; #c:is_mountain; biomesoplenty:crag; blooming_biosphere:snowy_cherry_grove; terralith:stony_spires; terralith:volcanic_peaks; terralith:windswept_spires; terralith:yosemite_cliffs; wythers:tibesti_mountains; wythers:tropical_volcano; wythers:tsingy_forest; wythers:volcano | E34: data/cobblemon/tags/worldgen/biome/is_mountain.json | F34: 외부/바닐라 중첩 태그는 부분 해석
A35: #cobblemon:is_mushroom | B35: 20 | C35: minecraft:dark_forest; minecraft:mushroom_fields; #c:is_mushroom; #c:is_mushroom_island; terralith:cave/fungal_caves; biomesoplenty:fungal_jungle; biomesoplenty:glowing_grotto; biomesoplenty:mystic_grove; blooming_biosphere:rainforest; byg:temperate_rainforest; byg:tropical_rainforest; byg:weeping_witch_forest; darkerdepths:glowshroom_forest; terralith:mirage_isles; wythers:ancient_taiga; wythers:deep_dark_incursion; wythers:forbidden_forest; wythers:mushroom_island; wythers:phantasmal_forest; wythers:phantasmal_forest | E35: data/cobblemon/tags/worldgen/biome/is_mushroom.json | F35: 외부/바닐라 중첩 태그는 부분 해석
A36: #cobblemon:is_ocean | B36: 9 | C36: #minecraft:is_ocean; #cobblemon:is_cold_ocean; #cobblemon:is_deep_ocean; #cobblemon:is_frozen_ocean; #cobblemon:is_lukewarm_ocean; #cobblemon:is_temperate_ocean; #cobblemon:is_warm_ocean; #c:is_ocean; clifftree:stone_ocean | E36: data/cobblemon/tags/worldgen/biome/is_ocean.json | F36: 외부/바닐라 중첩 태그는 부분 해석
A37: #cobblemon:is_overworld | B37: 2 | C37: #minecraft:is_overworld; #c:is_overworld | D37: minecraft:desert; minecraft:forest; minecraft:plains; minecraft:swamp | E37: data/cobblemon/tags/worldgen/biome/is_overworld.json | F37: 외부/바닐라 중첩 태그는 부분 해석
A38: #cobblemon:is_peak | B38: 11 | C38: minecraft:frozen_peaks; minecraft:jagged_peaks; minecraft:snowy_slopes; minecraft:stony_peaks; #c:is_mountain/peak; terralith:emerald_peaks; terralith:rocky_mountains; terralith:scarlet_mountains; terralith:windswept_spires; wythers:andesite_crags; wythers:aspen_crags | E38: data/cobblemon/tags/worldgen/biome/is_peak.json | F38: 외부/바닐라 중첩 태그는 부분 해석
A39: #cobblemon:is_plains | B39: 28 | C39: minecraft:plains; minecraft:sunflower_plains; #cobblemon:is_highlands; #byg:is_plains; #c:is_plains; biomesoplenty:clover_patch; biomesoplenty:field; biomesoplenty:fir_clearing; biomesoplenty:grassland; biomesoplenty:lavender_field; biomesoplenty:marsh; biomesoplenty:orchard; biomesoplenty:pasture; biomesoplenty:prairie; biomesoplenty:seasonal_orchard; blooming_biosphere:chaparral; clifftree:sparse_forest; terralith:shrubland; terralith:brushland; terralith:steppe; terralith:valley_clearing; wythers:berry_bog; wythers:cool_forest_edge; wythers:dry_tropical_grassland; wythers:forest_edge; wythers:spring_flower_fields; wythers:subtropical_forest_edge; wythers:tropical_grassland | D39: minecraft:plains | E39: data/cobblemon/tags/worldgen/biome/is_plains.json | F39: 외부/바닐라 중첩 태그는 부분 해석
A40: #cobblemon:is_plateau | B40: 4 | C40: minecraft:savanna_plateau; #byg:is_plateau; #c:is_plateau; wythers:ayers_rock | E40: data/cobblemon/tags/worldgen/biome/is_plateau.json | F40: 외부/바닐라 중첩 태그는 부분 해석
A41: #cobblemon:is_river | B41: 5 | C41: #minecraft:is_river; #c:is_river; terralith:warm_river; wythers:guelta; wythers:tropical_forest_river | E41: data/cobblemon/tags/worldgen/biome/is_river.json | F41: 외부/바닐라 중첩 태그는 부분 해석
A42: #cobblemon:is_sandy | B42: 5 | C42: #cobblemon:is_badlands; #cobblemon:is_desert; #byg:is_sandy; #c:is_sandy; clifftree:warm_river | D42: minecraft:desert | E42: data/cobblemon/tags/worldgen/biome/is_sandy.json | F42: 외부/바닐라 중첩 태그는 부분 해석
A43: #cobblemon:is_savanna | B43: 20 | C43: #minecraft:is_savanna; #c:is_savanna; biomesoplenty:lush_desert; biomesoplenty:lush_savanna; blooming_biosphere:chaparral; clifftree:oasis; clifftree:shrubland; terralith:arid_highlands; terralith:ashen_savanna; terralith:brushland; terralith:desert_oasis; terralith:fractured_savanna; terralith:hot_shrubland; terralith:red_oasis; terralith:savanna_badlands; terralith:savanna_slopes; terralith:shrubland; wythers:granite_canyon; wythers:tropical_forest_canyon; wythers:tropical_forest | E43: data/cobblemon/tags/worldgen/biome/is_savanna.json | F43: 외부/바닐라 중첩 태그는 부분 해석
A44: #cobblemon:is_shrubland | B44: 32 | C44: biomesoplenty:bog; biomesoplenty:dryland; biomesoplenty:field; biomesoplenty:fungal_jungle; biomesoplenty:lush_desert; biomesoplenty:mediterranean_forest; biomesoplenty:pumpkin_patch; biomesoplenty:scrubland; biomesoplenty:shrubland; biomesoplenty:rocky_shrubland; blooming_biosphere:chaparral; clifftree:shrubland; terralith:alpine_highlands; terralith:arid_highlands; terralith:brushland; terralith:cold_shrubland; terralith:hot_shrubland; terralith:rocky_shrubland; terralith:shrubland; wythers:berry_bog; wythers:chaparral; wythers:crimson_tundra; wythers:dry_tropical_grassland; wythers:eucalyptus_salubris_woodland; wythers:forest_edge; wythers:kwongan_heath; wythers:mediterranean_island; wythers:outback; wythers:scrub_forest; wythers:scrubland; wythers:tropical_grassland; wythers:tundra | E44: data/cobblemon/tags/worldgen/biome/is_shrubland.json
A45: #cobblemon:is_sky | B45: 4 | C45: terralith:skylands_autumn; terralith:skylands_spring; terralith:skylands_summer; terralith:skylands_winter | E45: data/cobblemon/tags/worldgen/biome/is_sky.json
A46: #cobblemon:is_snowy | B46: 23 | C46: minecraft:jagged_peaks; minecraft:snowy_beach; minecraft:snowy_plains; minecraft:snowy_slopes; #cobblemon:is_glacial; #cobblemon:is_snowy_forest; #cobblemon:is_snowy_taiga; #byg:is_snowy; #c:is_snowy; byg:cardinal_tundra; clifftree:bog; clifftree:snowy_diorite_shore; clifftree:tundra; terralith:emerald_peaks; terralith:scarlet_mountains; terralith:skylands_winter; terralith:snowy_badlands; wythers:crimson_tundra; wythers:frozen_island; wythers:snowy_bog; wythers:snowy_canyon; wythers:snowy_peaks; wythers:snowy_tundra | E46: data/cobblemon/tags/worldgen/biome/is_snowy.json | F46: 외부/바닐라 중첩 태그는 부분 해석
A47: #cobblemon:is_snowy_forest | B47: 12 | C47: biomesoplenty:auroral_garden; biomesoplenty:muskeg; biomesoplenty:snowy_maple_woods; blooming_biosphere:snowy_cherry_grove; terralith:alpha_islands_winter; terralith:ice_marsh; terralith:siberian_grove; terralith:snowy_cherry_grove; terralith:snowy_maple_forest; wythers:huangshan_highlands; wythers:jade_highlands; wythers:snowy_fen | E47: data/cobblemon/tags/worldgen/biome/is_snowy_forest.json
A48: #cobblemon:is_snowy_taiga | B48: 16 | C48: minecraft:grove; minecraft:snowy_taiga; biomesoplenty:snowy_coniferous_forest; biomesoplenty:snowy_fir_clearing; biomesoplenty:snowy_maple_woods; clifftree:snowy_old_growth_taiga; terralith:alpine_grove; terralith:cold_shrubland; terralith:siberian_grove; terralith:snowy_maple_forest; terralith:snowy_shield; terralith:wintry_forest; terralith:wintry_lowlands; wythers:cold_island; wythers:deep_snowy_taiga; wythers:snowy_thermal_taiga | E48: data/cobblemon/tags/worldgen/biome/is_snowy_taiga.json
A49: #cobblemon:is_spooky | B49: 9 | C49: minecraft:dark_forest; #byg:is_spooky; #c:is_spooky; #wythers:is_dark_forest; biomesoplenty:ominous_woods; byg:ebony_woods; wythers:ancient_taiga; wythers:tangled_forest; wythers:twilight_meadow | E49: data/cobblemon/tags/worldgen/biome/is_spooky.json | F49: 외부/바닐라 중첩 태그는 부분 해석
A50: #cobblemon:is_swamp | B50: 15 | C50: minecraft:mangrove_swamp; minecraft:swamp; #byg:is_swamp; #c:is_swamp; #clifftree:is_swamp; #wythers:is_swamp; biomesoplenty:bayou; biomesoplenty:bog; biomesoplenty:floodplain; biomesoplenty:marsh; biomesoplenty:wetland; blooming_biosphere:marsh; terralith:ice_marsh; terralith:orchid_swamp; wythers:billabong | D50: minecraft:swamp | E50: data/cobblemon/tags/worldgen/biome/is_swamp.json | F50: 외부/바닐라 중첩 태그는 부분 해석
A51: #cobblemon:is_taiga | B51: 42 | C51: #minecraft:is_taiga; #cobblemon:is_snowy_taiga; #c:is_taiga; #c:tree/coniferous; biomesoplenty:coniferous_forest; biomesoplenty:dead_forest; biomesoplenty:fir_clearing; biomesoplenty:forested_field; biomesoplenty:jade_cliffs; biomesoplenty:mediterranean_forest; biomesoplenty:redwood_forest; biomesoplenty:wetland; blooming_biosphere:autumnal_forest; clifftree:cold_river; terralith:bryce_canyon; terralith:cloud_forest; terralith:haze_mountain; terralith:ice_marsh; terralith:moonlight_grove; terralith:moonlight_valley; terralith:shield; terralith:siberian_taiga; terralith:yellowstone; terralith:yosemite_lowlands; wythers:ancient_taiga; wythers:birch_taiga; wythers:boreal_forest_red; wythers:boreal_forest_yellow; wythers:fen; wythers:flooded_temperate_rainforest; wythers:forested_highlands; wythers:huangshan_highlands; wythers:jade_highlands; wythers:larch_taiga; wythers:old_growth_taiga_crags; wythers:old_growth_taiga_swamp; wythers:pine_barrens; wythers:taiga_crags; wythers:temperate_rainforest; wythers:temperate_rainforest_crags; wythers:thermal_taiga; wythers:thermal_taiga_crags | E51: data/cobblemon/tags/worldgen/biome/is_taiga.json | F51: 외부/바닐라 중첩 태그는 부분 해석
A52: #cobblemon:is_temperate | B52: 2 | C52: #cobblemon:is_forest; #cobblemon:is_plains | D52: minecraft:forest; minecraft:plains | E52: data/cobblemon/tags/worldgen/biome/is_temperate.json
A53: #cobblemon:is_temperate_ocean | B53: 3 | C53: minecraft:ocean; minecraft:deep_ocean; clifftree:stone_ocean | E53: data/cobblemon/tags/worldgen/biome/is_temperate_ocean.json
A54: #cobblemon:is_thermal | B54: 12 | C54: biomesoplenty:hot_springs; clifftree:inferno; terralith:caldera; terralith:cave/thermal_caves; terralith:yellowstone; wythers:calcite_caverns; wythers:mediterranean_island_thermal_springs; wythers:snowy_thermal_taiga; wythers:thermal_taiga_crags; wythers:thermal_taiga; wythers:tibesti_mountains; wythers:danakil_desert | E54: data/cobblemon/tags/worldgen/biome/is_thermal.json
A55: #cobblemon:is_tropical_island | B55: 4 | C55: biomesoplenty:tropics; wythers:tropical_beach; wythers:tropical_island; wythers:tropical_volcano | E55: data/cobblemon/tags/worldgen/biome/is_tropical_island.json
A56: #cobblemon:is_tundra | B56: 21 | C56: minecraft:ice_spikes; minecraft:snowy_plains; #c:is_snowy_plains; biomesoplenty:cold_desert; biomesoplenty:muskeg; biomesoplenty:snowy_fir_clearing; biomesoplenty:tundra; byg:cardinal_tundra; clifftree:bog; clifftree:tundra; terralith:cold_shrubland; terralith:gravel_desert; terralith:rocky_shrubland; terralith:snowy_badlands; terralith:yellowstone; wythers:crimson_tundra; wythers:frigid_island; wythers:ice_cap; wythers:icy_crags; wythers:snowy_tundra; wythers:tundra | E56: data/cobblemon/tags/worldgen/biome/is_tundra.json | F56: 외부/바닐라 중첩 태그는 부분 해석
A57: #cobblemon:is_volcanic | B57: 11 | C57: biomesoplenty:volcanic_plains; biomesoplenty:volcano; darkerdepths:molten_cavern; terralith:cave/mantle_caves; terralith:volcanic_crater; terralith:volcanic_peaks; wythers:icy_volcano; wythers:tropical_volcano; wythers:volcano; wythers:volcanic_chamber; wythers:volcanic_crater | E57: data/cobblemon/tags/worldgen/biome/is_volcanic.json
A58: #cobblemon:is_warm_ocean | B58: 3 | C58: minecraft:warm_ocean; blooming_biosphere:tidepools; byg:lush_stacks | E58: data/cobblemon/tags/worldgen/biome/is_warm_ocean.json

Sheet 지역_바이옴
A1: 세대 월드 지역·바이옴 배정
A2: 기존 문서의 세대당 8지역 구조를 반영했습니다. 현재 JSON이 있는 1·2지역만 채웠으며 3~8지역은 편집용 자리입니다.
A4: 세대 | B4: 지역ID | C4: 차원 | D4: 바이옴풀_편집 | E4: 스폰프로필 | F4: 경계 | G4: 지역후보스폰수 | H4: 직접배정스폰수 | I4: 원본파일 | J4: 상태·메모_편집
A5: 1 | B5: region_01 | C5: cobbleventure:generation_1 | D5: minecraft:plains; minecraft:forest | E5: cobbleventure:generation_1_region_01 | F5: {"protection_profile":"cobbleventure:adventure_field","template":"cobbleventure:region_wall","type":"COMBINED"} | G5: =COUNTIF('스폰_편집'!$N$5:$N$3125,"*"&B5&"*") | H5: =COUNTIF('스폰_편집'!$O$5:$O$3125,B5) | I5: content/regions/generation_1/region_01.json | J5: 구현 JSON 있음
A6: 1 | B6: region_02 | C6: cobbleventure:generation_1 | D6: minecraft:desert; minecraft:swamp | E6: cobbleventure:generation_1_region_02 | F6: {"protection_profile":"cobbleventure:adventure_field","template":"cobbleventure:region_wall","type":"COMBINED"} | G6: =COUNTIF('스폰_편집'!$N$5:$N$3125,"*"&B6&"*") | H6: =COUNTIF('스폰_편집'!$O$5:$O$3125,B6) | I6: content/regions/generation_1/region_02.json | J6: 구현 JSON 있음
A7: 1 | B7: region_03 | C7: cobbleventure:generation_1 | G7: =COUNTIF('스폰_편집'!$N$5:$N$3125,"*"&B7&"*") | H7: =COUNTIF('스폰_편집'!$O$5:$O$3125,B7) | J7: 미정
A8: 1 | B8: region_04 | C8: cobbleventure:generation_1 | G8: =COUNTIF('스폰_편집'!$N$5:$N$3125,"*"&B8&"*") | H8: =COUNTIF('스폰_편집'!$O$5:$O$3125,B8) | J8: 미정
A9: 1 | B9: region_05 | C9: cobbleventure:generation_1 | G9: =COUNTIF('스폰_편집'!$N$5:$N$3125,"*"&B9&"*") | H9: =COUNTIF('스폰_편집'!$O$5:$O$3125,B9) | J9: 미정
A10: 1 | B10: region_06 | C10: cobbleventure:generation_1 | G10: =COUNTIF('스폰_편집'!$N$5:$N$3125,"*"&B10&"*") | H10: =COUNTIF('스폰_편집'!$O$5:$O$3125,B10) | J10: 미정
A11: 1 | B11: region_07 | C11: cobbleventure:generation_1 | G11: =COUNTIF('스폰_편집'!$N$5:$N$3125,"*"&B11&"*") | H11: =COUNTIF('스폰_편집'!$O$5:$O$3125,B11) | J11: 미정
A12: 1 | B12: region_08 | C12: cobbleventure:generation_1 | G12: =COUNTIF('스폰_편집'!$N$5:$N$3125,"*"&B12&"*") | H12: =COUNTIF('스폰_편집'!$O$5:$O$3125,B12) | J12: 미정

Sheet 세대_기준
A1: 세대 구분 및 기본 월드 배정
A2: 기본 배정은 원종의 최초 등장 세대입니다. 알로라·가라르·히스이·팔데아 폼 선택자는 폼 도입 세대를 중심 세대로 사용합니다.
A4: 세대 | B4: 도감시작 | C4: 도감끝 | D4: 대표지역 | E4: 기본차원 | F4: 종수 | G4: 스폰엔트리수 | H4: 정책 | I4: 비고
A5: 1 | B5: 1 | C5: 151 | D5: 관동 | E5: cobbleventure:generation_1 | F5: =COUNTIF('포켓몬_요약'!$E$5:$E$1029,A5) | G5: =COUNTIF('스폰_편집'!$K$5:$K$3125,A5) | H5: 세대 중심 혼합 | I5: 타 세대 혼합 비율·예외는 플레이테스트 후 확정
A6: 2 | B6: 152 | C6: 251 | D6: 성도 | E6: cobbleventure:generation_2 | F6: =COUNTIF('포켓몬_요약'!$E$5:$E$1029,A6) | G6: =COUNTIF('스폰_편집'!$K$5:$K$3125,A6) | H6: 세대 중심 혼합 | I6: 타 세대 혼합 비율·예외는 플레이테스트 후 확정
A7: 3 | B7: 252 | C7: 386 | D7: 호연 | E7: cobbleventure:generation_3 | F7: =COUNTIF('포켓몬_요약'!$E$5:$E$1029,A7) | G7: =COUNTIF('스폰_편집'!$K$5:$K$3125,A7) | H7: 세대 중심 혼합 | I7: 타 세대 혼합 비율·예외는 플레이테스트 후 확정
A8: 4 | B8: 387 | C8: 493 | D8: 신오 | E8: cobbleventure:generation_4 | F8: =COUNTIF('포켓몬_요약'!$E$5:$E$1029,A8) | G8: =COUNTIF('스폰_편집'!$K$5:$K$3125,A8) | H8: 세대 중심 혼합 | I8: 타 세대 혼합 비율·예외는 플레이테스트 후 확정
A9: 5 | B9: 494 | C9: 649 | D9: 하나 | E9: cobbleventure:generation_5 | F9: =COUNTIF('포켓몬_요약'!$E$5:$E$1029,A9) | G9: =COUNTIF('스폰_편집'!$K$5:$K$3125,A9) | H9: 세대 중심 혼합 | I9: 타 세대 혼합 비율·예외는 플레이테스트 후 확정
A10: 6 | B10: 650 | C10: 721 | D10: 칼로스 | E10: cobbleventure:generation_6 | F10: =COUNTIF('포켓몬_요약'!$E$5:$E$1029,A10) | G10: =COUNTIF('스폰_편집'!$K$5:$K$3125,A10) | H10: 세대 중심 혼합 | I10: 타 세대 혼합 비율·예외는 플레이테스트 후 확정
A11: 7 | B11: 722 | C11: 809 | D11: 알로라 | E11: cobbleventure:generation_7 | F11: =COUNTIF('포켓몬_요약'!$E$5:$E$1029,A11) | G11: =COUNTIF('스폰_편집'!$K$5:$K$3125,A11) | H11: 세대 중심 혼합 | I11: 타 세대 혼합 비율·예외는 플레이테스트 후 확정
A12: 8 | B12: 810 | C12: 905 | D12: 가라르·히스이 | E12: cobbleventure:generation_8 | F12: =COUNTIF('포켓몬_요약'!$E$5:$E$1029,A12) | G12: =COUNTIF('스폰_편집'!$K$5:$K$3125,A12) | H12: 세대 중심 혼합 | I12: 타 세대 혼합 비율·예외는 플레이테스트 후 확정
A13: 9 | B13: 906 | C13: 1025 | D13: 팔데아 | E13: cobbleventure:generation_9 | F13: =COUNTIF('포켓몬_요약'!$E$5:$E$1029,A13) | G13: =COUNTIF('스폰_편집'!$K$5:$K$3125,A13) | H13: 세대 중심 혼합 | I13: 타 세대 혼합 비율·예외는 플레이테스트 후 확정

Sheet 원본_메타
A1: 원본 버전·해시·데이터 계보
A2: 엑셀을 다시 생성하거나 게임 데이터로 반영할 때 반드시 버전과 해시를 함께 확인합니다.
A4: 항목 | B4: 값 | C4: 출처URL | D4: 설명
A5: 기준일 | B5: 2026-08-06 | D5: Asia/Seoul
A6: Minecraft | B6: 1.21.1 | D6: 프로젝트 dependencies.lock.json
A7: Cobblemon | B7: 1.7.3 | C7: https://gitlab.com/cable-mc/cobblemon/-/tree/1.7.3 | D7: 공식 GitLab 태그 e6fda6137e00cfe6035c863a3736ba30fc236696
A8: Cobblemon 라이선스 | B8: MPL-2.0 | C8: https://www.mozilla.org/MPL/2.0/ | D8: 공식 소스 LICENSE
A9: Cobblemon 스폰 원본 | B9: 824개 파일 | C9: https://gitlab.com/cable-mc/cobblemon/-/tree/1.7.3/common/src/main/resources/data/cobblemon/spawn_pool_world | D9: 비활성 herd 테스트 파일 1개 포함
A10: Cobblemon 구현 종 | B10: 851 / 1025 | C10: https://gitlab.com/cable-mc/cobblemon/-/tree/1.7.3 | D10: species JSON의 implemented 값
A11: COBBLEVERSE | B11: 1.7.42 | C11: https://modrinth.com/modpack/cobbleverse/version/1.7.42 | D11: 공식 Modrinth 배포판
A12: COBBLEVERSE 라이선스 | B12: All Rights Reserved | C12: https://modrinth.com/modpack/cobbleverse | D12: 워크북은 내부 분석·편집 참고용; 원본 팩/자산 재배포 금지
A13: COBBLEVERSE MRPACK SHA-256 | B13: dcaf01062c7c387e0ed07209aab993e2e3b27111e778f5832c52558d28bccd88 | C13: https://cdn.modrinth.com/data/Jkb29YJU/versions/4SKGla61/COBBLEVERSE%201.7.42.mrpack | D13: 다운로드 파일 무결성
A14: COBBLEVERSE 메인 데이터팩 | B14: COBBLEVERSE-DP-v31.zip | C14: https://modrinth.com/modpack/cobbleverse/version/1.7.42 | D14: overrides/datapacks/COBBLEVERSE-DP-v31.zip
A15: 메인 데이터팩 SHA-256 | B15: 24344c64d49cad1e4743276472f5598ed32d1c002f5ebb881b9e0cf7bc1a77c6 | C15: https://modrinth.com/modpack/cobbleverse/version/1.7.42 | D15: MRPACK 내부 파일 기준
A16: COBBLEVERSE 스폰 파일 | B16: 1024개 | C16: https://modrinth.com/modpack/cobbleverse/version/1.7.42 | D16: 도감 번호가 있는 자연 스폰 파일 1,017종, 파일 1,024개
A17: 동일 파일 | B17: 620개 | D17: Cobblemon과 COBBLEVERSE JSON 의미상 동일
A18: 수정 파일 | B18: 203개 | D18: 같은 경로에서 COBBLEVERSE가 덮어씀
A19: 추가 파일 | B19: 201개 | D19: Cobblemon에 없는 자연 스폰 파일
A20: 유효 스폰 엔트리 | B20: 3121개 | D20: COBBLEVERSE 우선 + Cobblemon 전용 파일 결합
A21: 프로젝트 스폰 정책 | B21: 세대 중심 혼합 | D21: docs/implementation/POKEMON_SPAWNS.md
A22: 지역 후보 해석 | B22: 부분 해석 | D22: Cobblemon 태그와 현재 region_01~02만 사용; 외부/바닐라 중첩 태그는 완전 전개하지 않음
